station,U type,an_point,lv
ท่าอากาศยานกระบี่,AA,82.5,1.0
ท่าอากาศยานกระบี่,MA,65.28,1.0
ท่าอากาศยานกระบี่,NH,0.0,1.0
ท่าอากาศยานกระบี่,NW,87.43,1.0
ท่าอากาศยานกระบี่,SF,100.0,1.0
ท่าอากาศยานกระบี่,SK,0.0,1.0
ท่าอากาศยานกระบี่,SV,100.0,1.0
ท่าอากาศยานกระบี่,TA,76.0,1.0
ท่าอากาศยานกระบี่,VA,45.95,1.0
ท่าอากาศยานกระบี่,VC,0.0,1.0
ท่าอากาศยานชุมพร,AA,51.0,1.0
ท่าอากาศยานชุมพร,MA,69.44,1.0
ท่าอากาศยานชุมพร,NH,30.0,1.0
ท่าอากาศยานชุมพร,NW,84.18,1.0
ท่าอากาศยานชุมพร,SF,79.2,1.0
ท่าอากาศยานชุมพร,SK,0.0,1.0
ท่าอากาศยานชุมพร,SV,100.0,1.0
ท่าอากาศยานชุมพร,TA,83.57,1.0
ท่าอากาศยานชุมพร,VA,46.83,1.0
ท่าอากาศยานชุมพร,VC,0.0,1.0
ท่าอากาศยานตรัง,AA,65.0,1.0
ท่าอากาศยานตรัง,MA,60.74,1.0
ท่าอากาศยานตรัง,NH,0.0,1.0
ท่าอากาศยานตรัง,NW,89.12,1.0
ท่าอากาศยานตรัง,SF,100.0,1.0
ท่าอากาศยานตรัง,SK,0.0,1.0
ท่าอากาศยานตรัง,SV,0.0,1.0
ท่าอากาศยานตรัง,TA,87.5,1.0
ท่าอากาศยานตรัง,VA,41.3,1.0
ท่าอากาศยานตรัง,VC,0.0,1.0
ท่าอากาศยานนครศรีธรรมราช,AA,53.33,1.0
ท่าอากาศยานนครศรีธรรมราช,MA,64.9,1.0
ท่าอากาศยานนครศรีธรรมราช,NH,0.0,1.0
ท่าอากาศยานนครศรีธรรมราช,NW,81.68,1.0
ท่าอากาศยานนครศรีธรรมราช,SF,92.0,1.0
ท่าอากาศยานนครศรีธรรมราช,SK,0.0,1.0
ท่าอากาศยานนครศรีธรรมราช,SV,82.5,1.0
ท่าอากาศยานนครศรีธรรมราช,TA,92.78,1.0
ท่าอากาศยานนครศรีธรรมราช,VA,36.3,1.0
ท่าอากาศยานนครศรีธรรมราช,VC,0.0,1.0
ท่าอากาศยานนราธิวาส,AA,35.71,1.0
ท่าอากาศยานนราธิวาส,MA,53.33,1.0
ท่าอากาศยานนราธิวาส,NH,30.0,1.0
ท่าอากาศยานนราธิวาส,NW,87.44,1.0
ท่าอากาศยานนราธิวาส,SF,95.0,1.0
ท่าอากาศยานนราธิวาส,SK,0.0,1.0
ท่าอากาศยานนราธิวาส,SV,30.0,1.0
ท่าอากาศยานนราธิวาส,TA,85.71,1.0
ท่าอากาศยานนราธิวาส,VA,41.79,1.0
ท่าอากาศยานนราธิวาส,VC,0.0,1.0
ท่าอากาศยานนานาชาติภูเก็ต,AA,30.0,1.0
ท่าอากาศยานนานาชาติภูเก็ต,MA,68.81,1.0
ท่าอากาศยานนานาชาติภูเก็ต,NH,30.0,1.0
ท่าอากาศยานนานาชาติภูเก็ต,NW,89.67,1.0
ท่าอากาศยานนานาชาติภูเก็ต,SF,95.0,1.0
ท่าอากาศยานนานาชาติภูเก็ต,SK,0.0,1.0
ท่าอากาศยานนานาชาติภูเก็ต,SV,82.5,1.0
ท่าอากาศยานนานาชาติภูเก็ต,TA,80.0,1.0
ท่าอากาศยานนานาชาติภูเก็ต,VA,52.97,1.0
ท่าอากาศยานนานาชาติภูเก็ต,VC,0.0,1.0
ท่าอากาศยานนานาชาติสุราษฎร์ธานี,AA,30.0,1.0
ท่าอากาศยานนานาชาติสุราษฎร์ธานี,MA,81.01,1.0
ท่าอากาศยานนานาชาติสุราษฎร์ธานี,NH,30.0,1.0
ท่าอากาศยานนานาชาติสุราษฎร์ธานี,NW,85.95,1.0
ท่าอากาศยานนานาชาติสุราษฎร์ธานี,SF,85.45,1.0
ท่าอากาศยานนานาชาติสุราษฎร์ธานี,SK,0.0,1.0
ท่าอากาศยานนานาชาติสุราษฎร์ธานี,SV,100.0,1.0
ท่าอากาศยานนานาชาติสุราษฎร์ธานี,TA,93.75,1.0
ท่าอากาศยานนานาชาติสุราษฎร์ธานี,VA,46.23,1.0
ท่าอากาศยานนานาชาติสุราษฎร์ธานี,VC,0.0,1.0
ท่าอากาศยานหาดใหญ่,AA,45.71,1.0
ท่าอากาศยานหาดใหญ่,MA,88.49,1.0
ท่าอากาศยานหาดใหญ่,NH,30.0,1.0
ท่าอากาศยานหาดใหญ่,NW,89.58,1.0
ท่าอากาศยานหาดใหญ่,SF,87.74,1.0
ท่าอากาศยานหาดใหญ่,SK,0.0,1.0
ท่าอากาศยานหาดใหญ่,SV,100.0,1.0
ท่าอากาศยานหาดใหญ่,TA,94.71,1.0
ท่าอากาศยานหาดใหญ่,VA,56.8,1.0
ท่าอากาศยานหาดใหญ่,VC,0.0,1.0
ท่าอากาศยานเบตง,AA,30.0,1.0
ท่าอากาศยานเบตง,MA,75.87,1.0
ท่าอากาศยานเบตง,NH,30.0,1.0
ท่าอากาศยานเบตง,NW,90.68,1.0
ท่าอากาศยานเบตง,SF,85.6,1.0
ท่าอากาศยานเบตง,SK,0.0,1.0
ท่าอากาศยานเบตง,SV,30.0,1.0
ท่าอากาศยานเบตง,TA,73.33,1.0
ท่าอากาศยานเบตง,VA,59.35,1.0
ท่าอากาศยานเบตง,VC,0.0,1.0
ท่าเทียบเรือปากเมง,AA,30.0,1.0
ท่าเทียบเรือปากเมง,MA,58.75,1.0
ท่าเทียบเรือปากเมง,NH,30.0,1.0
ท่าเทียบเรือปากเมง,NW,75.0,1.0
ท่าเทียบเรือปากเมง,SF,94.29,1.0
ท่าเทียบเรือปากเมง,SK,0.0,1.0
ท่าเทียบเรือปากเมง,SV,0.0,1.0
ท่าเทียบเรือปากเมง,TA,77.14,1.0
ท่าเทียบเรือปากเมง,VA,41.67,1.0
ท่าเทียบเรือปากเมง,VC,0.0,1.0
ท่าเทียบเรือศุลกากร ระนอง,AA,30.0,1.0
ท่าเทียบเรือศุลกากร ระนอง,MA,49.41,1.0
ท่าเทียบเรือศุลกากร ระนอง,NH,0.0,1.0
ท่าเทียบเรือศุลกากร ระนอง,NW,65.11,1.0
ท่าเทียบเรือศุลกากร ระนอง,SF,80.8,1.0
ท่าเทียบเรือศุลกากร ระนอง,SK,0.0,1.0
ท่าเทียบเรือศุลกากร ระนอง,SV,65.0,1.0
ท่าเทียบเรือศุลกากร ระนอง,TA,77.33,1.0
ท่าเทียบเรือศุลกากร ระนอง,VA,34.38,1.0
ท่าเทียบเรือศุลกากร ระนอง,VC,0.0,1.0
ท่าเทียบเรือหลักเมือง,AA,0,1.0
ท่าเทียบเรือหลักเมือง,MA,57.14,1.0
ท่าเทียบเรือหลักเมือง,NH,0,1.0
ท่าเทียบเรือหลักเมือง,NW,64.17,1.0
ท่าเทียบเรือหลักเมือง,SF,88.57,1.0
ท่าเทียบเรือหลักเมือง,SK,0.0,1.0
ท่าเทียบเรือหลักเมือง,SV,0,1.0
ท่าเทียบเรือหลักเมือง,TA,66.67,1.0
ท่าเทียบเรือหลักเมือง,VA,30.0,1.0
ท่าเทียบเรือหลักเมือง,VC,0,1.0
ท่าเรือข้ามฟากสงขลา (ฝั่งสงขลา),AA,0,1.0
ท่าเรือข้ามฟากสงขลา (ฝั่งสงขลา),MA,84.0,1.0
ท่าเรือข้ามฟากสงขลา (ฝั่งสงขลา),NH,0,1.0
ท่าเรือข้ามฟากสงขลา (ฝั่งสงขลา),NW,65.5,1.0
ท่าเรือข้ามฟากสงขลา (ฝั่งสงขลา),SF,20.0,1.0
ท่าเรือข้ามฟากสงขลา (ฝั่งสงขลา),SK,0.0,1.0
ท่าเรือข้ามฟากสงขลา (ฝั่งสงขลา),SV,0,1.0
ท่าเรือข้ามฟากสงขลา (ฝั่งสงขลา),TA,30.0,1.0
ท่าเรือข้ามฟากสงขลา (ฝั่งสงขลา),VA,70.0,1.0
ท่าเรือข้ามฟากสงขลา (ฝั่งสงขลา),VC,0,1.0
ท่าเรือข้ามฟากสงขลา (ฝั่งหัวเขาแดง),AA,0,1.0
ท่าเรือข้ามฟากสงขลา (ฝั่งหัวเขาแดง),MA,30.0,1.0
ท่าเรือข้ามฟากสงขลา (ฝั่งหัวเขาแดง),NH,0,1.0
ท่าเรือข้ามฟากสงขลา (ฝั่งหัวเขาแดง),NW,30.5,1.0
ท่าเรือข้ามฟากสงขลา (ฝั่งหัวเขาแดง),SF,20.0,1.0
ท่าเรือข้ามฟากสงขลา (ฝั่งหัวเขาแดง),SK,0.0,1.0
ท่าเรือข้ามฟากสงขลา (ฝั่งหัวเขาแดง),SV,0,1.0
ท่าเรือข้ามฟากสงขลา (ฝั่งหัวเขาแดง),TA,70.0,1.0
ท่าเรือข้ามฟากสงขลา (ฝั่งหัวเขาแดง),VA,0,1.0
ท่าเรือข้ามฟากสงขลา (ฝั่งหัวเขาแดง),VC,0,1.0
ท่าเรือคงคา,AA,30.0,1.0
ท่าเรือคงคา,MA,48.57,1.0
ท่าเรือคงคา,NH,0.0,1.0
ท่าเรือคงคา,NW,59.69,1.0
ท่าเรือคงคา,SF,86.67,1.0
ท่าเรือคงคา,SK,0.0,1.0
ท่าเรือคงคา,SV,47.5,1.0
ท่าเรือคงคา,TA,85.0,1.0
ท่าเรือคงคา,VA,30.0,1.0
ท่าเรือคงคา,VC,0.0,1.0
ท่าเรือทุ่งมะขามน้อย,AA,53.33,1.0
ท่าเรือทุ่งมะขามน้อย,MA,48.0,1.0
ท่าเรือทุ่งมะขามน้อย,NH,0.0,1.0
ท่าเรือทุ่งมะขามน้อย,NW,70.82,1.0
ท่าเรือทุ่งมะขามน้อย,SF,100.0,1.0
ท่าเรือทุ่งมะขามน้อย,SK,0.0,1.0
ท่าเรือทุ่งมะขามน้อย,SV,47.5,1.0
ท่าเรือทุ่งมะขามน้อย,TA,85.71,1.0
ท่าเรือทุ่งมะขามน้อย,VA,47.5,1.0
ท่าเรือทุ่งมะขามน้อย,VC,0.0,1.0
ท่าเรือปากบารา,AA,35.71,1.0
ท่าเรือปากบารา,MA,61.43,1.0
ท่าเรือปากบารา,NH,0.0,1.0
ท่าเรือปากบารา,NW,72.71,1.0
ท่าเรือปากบารา,SF,87.5,1.0
ท่าเรือปากบารา,SK,0.0,1.0
ท่าเรือปากบารา,SV,0.0,1.0
ท่าเรือปากบารา,TA,76.67,1.0
ท่าเรือปากบารา,VA,34.4,1.0
ท่าเรือปากบารา,VC,0.0,1.0
ท่าเรือรัษฎา,AA,30.0,1.0
ท่าเรือรัษฎา,MA,58.37,1.0
ท่าเรือรัษฎา,NH,0.0,1.0
ท่าเรือรัษฎา,NW,71.32,1.0
ท่าเรือรัษฎา,SF,82.5,1.0
ท่าเรือรัษฎา,SK,0.0,1.0
ท่าเรือรัษฎา,SV,47.5,1.0
ท่าเรือรัษฎา,TA,66.0,1.0
ท่าเรือรัษฎา,VA,36.67,1.0
ท่าเรือรัษฎา,VC,0.0,1.0
ท่าเรือสวนเจ้าฟ้า,AA,0,1.0
ท่าเรือสวนเจ้าฟ้า,MA,44.0,1.0
ท่าเรือสวนเจ้าฟ้า,NH,0,1.0
ท่าเรือสวนเจ้าฟ้า,NW,68.28,1.0
ท่าเรือสวนเจ้าฟ้า,SF,90.0,1.0
ท่าเรือสวนเจ้าฟ้า,SK,0.0,1.0
ท่าเรือสวนเจ้าฟ้า,SV,47.5,1.0
ท่าเรือสวนเจ้าฟ้า,TA,90.0,1.0
ท่าเรือสวนเจ้าฟ้า,VA,44.0,1.0
ท่าเรือสวนเจ้าฟ้า,VC,0,1.0
ท่าเรือสุระกุล,AA,70.0,1.0
ท่าเรือสุระกุล,MA,53.33,1.0
ท่าเรือสุระกุล,NH,0.0,1.0
ท่าเรือสุระกุล,NW,70.0,1.0
ท่าเรือสุระกุล,SF,86.67,1.0
ท่าเรือสุระกุล,SK,0.0,1.0
ท่าเรือสุระกุล,SV,47.5,1.0
ท่าเรือสุระกุล,TA,83.33,1.0
ท่าเรือสุระกุล,VA,30.0,1.0
ท่าเรือสุระกุล,VC,0.0,1.0
สถานีขนส่งผู้โดยสารจังหวัดกระบี่,AA,35.71,1.0
สถานีขนส่งผู้โดยสารจังหวัดกระบี่,MA,58.57,1.0
สถานีขนส่งผู้โดยสารจังหวัดกระบี่,NH,30.0,1.0
สถานีขนส่งผู้โดยสารจังหวัดกระบี่,NW,81.15,1.0
สถานีขนส่งผู้โดยสารจังหวัดกระบี่,SF,94.29,1.0
สถานีขนส่งผู้โดยสารจังหวัดกระบี่,SK,0.0,1.0
สถานีขนส่งผู้โดยสารจังหวัดกระบี่,SV,30.0,1.0
สถานีขนส่งผู้โดยสารจังหวัดกระบี่,TA,82.5,1.0
สถานีขนส่งผู้โดยสารจังหวัดกระบี่,VA,49.39,1.0
สถานีขนส่งผู้โดยสารจังหวัดกระบี่,VC,0.0,1.0
สถานีขนส่งผู้โดยสารจังหวัดตรัง,AA,30.0,1.0
สถานีขนส่งผู้โดยสารจังหวัดตรัง,MA,62.5,1.0
สถานีขนส่งผู้โดยสารจังหวัดตรัง,NH,0.0,1.0
สถานีขนส่งผู้โดยสารจังหวัดตรัง,NW,72.24,1.0
สถานีขนส่งผู้โดยสารจังหวัดตรัง,SF,84.0,1.0
สถานีขนส่งผู้โดยสารจังหวัดตรัง,SK,0.0,1.0
สถานีขนส่งผู้โดยสารจังหวัดตรัง,SV,47.5,1.0
สถานีขนส่งผู้โดยสารจังหวัดตรัง,TA,67.78,1.0
สถานีขนส่งผู้โดยสารจังหวัดตรัง,VA,73.33,1.0
สถานีขนส่งผู้โดยสารจังหวัดตรัง,VC,0.0,1.0
สถานีขนส่งผู้โดยสารจังหวัดนครศรีธรรมราช,AA,41.43,1.0
สถานีขนส่งผู้โดยสารจังหวัดนครศรีธรรมราช,MA,69.58,1.0
สถานีขนส่งผู้โดยสารจังหวัดนครศรีธรรมราช,NH,0.0,1.0
สถานีขนส่งผู้โดยสารจังหวัดนครศรีธรรมราช,NW,56.35,1.0
สถานีขนส่งผู้โดยสารจังหวัดนครศรีธรรมราช,SF,95.0,1.0
สถานีขนส่งผู้โดยสารจังหวัดนครศรีธรรมราช,SK,0.0,1.0
สถานีขนส่งผู้โดยสารจังหวัดนครศรีธรรมราช,SV,47.5,1.0
สถานีขนส่งผู้โดยสารจังหวัดนครศรีธรรมราช,TA,66.0,1.0
สถานีขนส่งผู้โดยสารจังหวัดนครศรีธรรมราช,VA,41.67,1.0
สถานีขนส่งผู้โดยสารจังหวัดนครศรีธรรมราช,VC,0.0,1.0
สถานีขนส่งผู้โดยสารจังหวัดนราธิวาส,AA,30.0,1.0
สถานีขนส่งผู้โดยสารจังหวัดนราธิวาส,MA,62.14,1.0
สถานีขนส่งผู้โดยสารจังหวัดนราธิวาส,NH,0.0,1.0
สถานีขนส่งผู้โดยสารจังหวัดนราธิวาส,NW,88.8,1.0
สถานีขนส่งผู้โดยสารจังหวัดนราธิวาส,SF,97.33,1.0
สถานีขนส่งผู้โดยสารจังหวัดนราธิวาส,SK,0.0,1.0
สถานีขนส่งผู้โดยสารจังหวัดนราธิวาส,SV,47.5,1.0
สถานีขนส่งผู้โดยสารจังหวัดนราธิวาส,TA,80.77,1.0
สถานีขนส่งผู้โดยสารจังหวัดนราธิวาส,VA,42.86,1.0
สถานีขนส่งผู้โดยสารจังหวัดนราธิวาส,VC,0.0,1.0
สถานีขนส่งผู้โดยสารจังหวัดปัตตานี,AA,30.0,1.0
สถานีขนส่งผู้โดยสารจังหวัดปัตตานี,MA,53.08,1.0
สถานีขนส่งผู้โดยสารจังหวัดปัตตานี,NH,0.0,1.0
สถานีขนส่งผู้โดยสารจังหวัดปัตตานี,NW,86.53,1.0
สถานีขนส่งผู้โดยสารจังหวัดปัตตานี,SF,94.0,1.0
สถานีขนส่งผู้โดยสารจังหวัดปัตตานี,SK,0.0,1.0
สถานีขนส่งผู้โดยสารจังหวัดปัตตานี,SV,65.0,1.0
สถานีขนส่งผู้โดยสารจังหวัดปัตตานี,TA,53.57,1.0
สถานีขนส่งผู้โดยสารจังหวัดปัตตานี,VA,44.74,1.0
สถานีขนส่งผู้โดยสารจังหวัดปัตตานี,VC,0.0,1.0
สถานีขนส่งผู้โดยสารจังหวัดพังงา,AA,56.67,1.0
สถานีขนส่งผู้โดยสารจังหวัดพังงา,MA,68.1,1.0
สถานีขนส่งผู้โดยสารจังหวัดพังงา,NH,0.0,1.0
สถานีขนส่งผู้โดยสารจังหวัดพังงา,NW,77.57,1.0
สถานีขนส่งผู้โดยสารจังหวัดพังงา,SF,86.67,1.0
สถานีขนส่งผู้โดยสารจังหวัดพังงา,SK,0.0,1.0
สถานีขนส่งผู้โดยสารจังหวัดพังงา,SV,30.0,1.0
สถานีขนส่งผู้โดยสารจังหวัดพังงา,TA,91.25,1.0
สถานีขนส่งผู้โดยสารจังหวัดพังงา,VA,41.56,1.0
สถานีขนส่งผู้โดยสารจังหวัดพังงา,VC,0.0,1.0
สถานีขนส่งผู้โดยสารจังหวัดพัทลุง,AA,30.0,1.0
สถานีขนส่งผู้โดยสารจังหวัดพัทลุง,MA,68.12,1.0
สถานีขนส่งผู้โดยสารจังหวัดพัทลุง,NH,0.0,1.0
สถานีขนส่งผู้โดยสารจังหวัดพัทลุง,NW,73.78,1.0
สถานีขนส่งผู้โดยสารจังหวัดพัทลุง,SF,100.0,1.0
สถานีขนส่งผู้โดยสารจังหวัดพัทลุง,SK,0.0,1.0
สถานีขนส่งผู้โดยสารจังหวัดพัทลุง,SV,47.5,1.0
สถานีขนส่งผู้โดยสารจังหวัดพัทลุง,TA,67.0,1.0
สถานีขนส่งผู้โดยสารจังหวัดพัทลุง,VA,60.77,1.0
สถานีขนส่งผู้โดยสารจังหวัดพัทลุง,VC,0.0,1.0
สถานีขนส่งผู้โดยสารจังหวัดภูเก็ต แห่งที่ 2,AA,30.0,1.0
สถานีขนส่งผู้โดยสารจังหวัดภูเก็ต แห่งที่ 2,MA,81.85,1.0
สถานีขนส่งผู้โดยสารจังหวัดภูเก็ต แห่งที่ 2,NH,0.0,1.0
สถานีขนส่งผู้โดยสารจังหวัดภูเก็ต แห่งที่ 2,NW,79.86,1.0
สถานีขนส่งผู้โดยสารจังหวัดภูเก็ต แห่งที่ 2,SF,100.0,1.0
สถานีขนส่งผู้โดยสารจังหวัดภูเก็ต แห่งที่ 2,SK,0.0,1.0
สถานีขนส่งผู้โดยสารจังหวัดภูเก็ต แห่งที่ 2,SV,100.0,1.0
สถานีขนส่งผู้โดยสารจังหวัดภูเก็ต แห่งที่ 2,TA,69.09,1.0
สถานีขนส่งผู้โดยสารจังหวัดภูเก็ต แห่งที่ 2,VA,46.0,1.0
สถานีขนส่งผู้โดยสารจังหวัดภูเก็ต แห่งที่ 2,VC,0.0,1.0
สถานีขนส่งผู้โดยสารจังหวัดระนอง,AA,50.0,1.0
สถานีขนส่งผู้โดยสารจังหวัดระนอง,MA,63.33,1.0
สถานีขนส่งผู้โดยสารจังหวัดระนอง,NH,0.0,1.0
สถานีขนส่งผู้โดยสารจังหวัดระนอง,NW,76.33,1.0
สถานีขนส่งผู้โดยสารจังหวัดระนอง,SF,100.0,1.0
สถานีขนส่งผู้โดยสารจังหวัดระนอง,SK,0.0,1.0
สถานีขนส่งผู้โดยสารจังหวัดระนอง,SV,47.5,1.0
สถานีขนส่งผู้โดยสารจังหวัดระนอง,TA,86.0,1.0
สถานีขนส่งผู้โดยสารจังหวัดระนอง,VA,38.18,1.0
สถานีขนส่งผู้โดยสารจังหวัดระนอง,VC,0.0,1.0
สถานีขนส่งผู้โดยสารจังหวัดสุราษฎร์ธานี,AA,30.0,1.0
สถานีขนส่งผู้โดยสารจังหวัดสุราษฎร์ธานี,MA,67.89,1.0
สถานีขนส่งผู้โดยสารจังหวัดสุราษฎร์ธานี,NH,0.0,1.0
สถานีขนส่งผู้โดยสารจังหวัดสุราษฎร์ธานี,NW,70.62,1.0
สถานีขนส่งผู้โดยสารจังหวัดสุราษฎร์ธานี,SF,68.89,1.0
สถานีขนส่งผู้โดยสารจังหวัดสุราษฎร์ธานี,SK,0.0,1.0
สถานีขนส่งผู้โดยสารจังหวัดสุราษฎร์ธานี,SV,65.0,1.0
สถานีขนส่งผู้โดยสารจังหวัดสุราษฎร์ธานี,TA,80.0,1.0
สถานีขนส่งผู้โดยสารจังหวัดสุราษฎร์ธานี,VA,56.0,1.0
สถานีขนส่งผู้โดยสารจังหวัดสุราษฎร์ธานี,VC,0.0,1.0
สถานีขนส่งผู้โดยสารปฐมพร (บขส.ชุมพร),AA,40.0,1.0
สถานีขนส่งผู้โดยสารปฐมพร (บขส.ชุมพร),MA,62.22,1.0
สถานีขนส่งผู้โดยสารปฐมพร (บขส.ชุมพร),NH,0.0,1.0
สถานีขนส่งผู้โดยสารปฐมพร (บขส.ชุมพร),NW,75.0,1.0
สถานีขนส่งผู้โดยสารปฐมพร (บขส.ชุมพร),SF,92.0,1.0
สถานีขนส่งผู้โดยสารปฐมพร (บขส.ชุมพร),SK,0.0,1.0
สถานีขนส่งผู้โดยสารปฐมพร (บขส.ชุมพร),SV,47.5,1.0
สถานีขนส่งผู้โดยสารปฐมพร (บขส.ชุมพร),TA,61.25,1.0
สถานีขนส่งผู้โดยสารปฐมพร (บขส.ชุมพร),VA,60.83,1.0
สถานีขนส่งผู้โดยสารปฐมพร (บขส.ชุมพร),VC,0.0,1.0
สถานีขนส่งผู้โดยสารเทศบาลนครยะลา,AA,30.0,1.0
สถานีขนส่งผู้โดยสารเทศบาลนครยะลา,MA,50.67,1.0
สถานีขนส่งผู้โดยสารเทศบาลนครยะลา,NH,0.0,1.0
สถานีขนส่งผู้โดยสารเทศบาลนครยะลา,NW,80.68,1.0
สถานีขนส่งผู้โดยสารเทศบาลนครยะลา,SF,92.73,1.0
สถานีขนส่งผู้โดยสารเทศบาลนครยะลา,SK,0.0,1.0
สถานีขนส่งผู้โดยสารเทศบาลนครยะลา,SV,30.0,1.0
สถานีขนส่งผู้โดยสารเทศบาลนครยะลา,TA,57.27,1.0
สถานีขนส่งผู้โดยสารเทศบาลนครยะลา,VA,34.38,1.0
สถานีขนส่งผู้โดยสารเทศบาลนครยะลา,VC,0.0,1.0
สถานีขนส่งสตูล,AA,30.0,1.0
สถานีขนส่งสตูล,MA,63.33,1.0
สถานีขนส่งสตูล,NH,0.0,1.0
สถานีขนส่งสตูล,NW,80.38,1.0
สถานีขนส่งสตูล,SF,85.45,1.0
สถานีขนส่งสตูล,SK,0.0,1.0
สถานีขนส่งสตูล,SV,47.5,1.0
สถานีขนส่งสตูล,TA,87.14,1.0
สถานีขนส่งสตูล,VA,58.0,1.0
สถานีขนส่งสตูล,VC,0.0,1.0
สถานีขนส่งหาดใหญ่,AA,30.0,1.0
สถานีขนส่งหาดใหญ่,MA,72.22,1.0
สถานีขนส่งหาดใหญ่,NH,0.0,1.0
สถานีขนส่งหาดใหญ่,NW,59.91,1.0
สถานีขนส่งหาดใหญ่,SF,100.0,1.0
สถานีขนส่งหาดใหญ่,SK,0.0,1.0
สถานีขนส่งหาดใหญ่,SV,53.33,1.0
สถานีขนส่งหาดใหญ่,TA,48.75,1.0
สถานีขนส่งหาดใหญ่,VA,43.16,1.0
สถานีขนส่งหาดใหญ่,VC,0.0,1.0
สถานีรถไฟชุมทางทุ่งสง,AA,50.0,1.0
สถานีรถไฟชุมทางทุ่งสง,MA,63.68,1.0
สถานีรถไฟชุมทางทุ่งสง,NH,0.0,1.0
สถานีรถไฟชุมทางทุ่งสง,NW,74.22,1.0
สถานีรถไฟชุมทางทุ่งสง,SF,96.67,1.0
สถานีรถไฟชุมทางทุ่งสง,SK,0.0,1.0
สถานีรถไฟชุมทางทุ่งสง,SV,65.0,1.0
สถานีรถไฟชุมทางทุ่งสง,TA,71.67,1.0
สถานีรถไฟชุมทางทุ่งสง,VA,56.67,1.0
สถานีรถไฟชุมทางทุ่งสง,VC,0.0,1.0
สถานีรถไฟชุมทางหาดใหญ่,AA,43.33,1.0
สถานีรถไฟชุมทางหาดใหญ่,MA,69.58,1.0
สถานีรถไฟชุมทางหาดใหญ่,NH,30.0,1.0
สถานีรถไฟชุมทางหาดใหญ่,NW,74.49,1.0
สถานีรถไฟชุมทางหาดใหญ่,SF,86.5,1.0
สถานีรถไฟชุมทางหาดใหญ่,SK,0.0,1.0
สถานีรถไฟชุมทางหาดใหญ่,SV,47.5,1.0
สถานีรถไฟชุมทางหาดใหญ่,TA,82.22,1.0
สถานีรถไฟชุมทางหาดใหญ่,VA,49.33,1.0
สถานีรถไฟชุมทางหาดใหญ่,VC,0.0,1.0
สถานีรถไฟชุมพร,AA,44.0,1.0
สถานีรถไฟชุมพร,MA,58.0,1.0
สถานีรถไฟชุมพร,NH,30.0,1.0
สถานีรถไฟชุมพร,NW,58.91,1.0
สถานีรถไฟชุมพร,SF,88.33,1.0
สถานีรถไฟชุมพร,SK,0.0,1.0
สถานีรถไฟชุมพร,SV,47.5,1.0
สถานีรถไฟชุมพร,TA,68.67,1.0
สถานีรถไฟชุมพร,VA,48.33,1.0
สถานีรถไฟชุมพร,VC,0.0,1.0
สถานีรถไฟตรัง,AA,30.0,1.0
สถานีรถไฟตรัง,MA,75.33,1.0
สถานีรถไฟตรัง,NH,0.0,1.0
สถานีรถไฟตรัง,NW,74.34,1.0
สถานีรถไฟตรัง,SF,85.0,1.0
สถานีรถไฟตรัง,SK,0.0,1.0
สถานีรถไฟตรัง,SV,47.5,1.0
สถานีรถไฟตรัง,TA,81.11,1.0
สถานีรถไฟตรัง,VA,62.73,1.0
สถานีรถไฟตรัง,VC,0.0,1.0
สถานีรถไฟปัตตานี (โคกโพธิ์),AA,30.0,1.0
สถานีรถไฟปัตตานี (โคกโพธิ์),MA,57.5,1.0
สถานีรถไฟปัตตานี (โคกโพธิ์),NH,0.0,1.0
สถานีรถไฟปัตตานี (โคกโพธิ์),NW,71.07,1.0
สถานีรถไฟปัตตานี (โคกโพธิ์),SF,100.0,1.0
สถานีรถไฟปัตตานี (โคกโพธิ์),SK,0.0,1.0
สถานีรถไฟปัตตานี (โคกโพธิ์),SV,92.5,1.0
สถานีรถไฟปัตตานี (โคกโพธิ์),TA,54.44,1.0
สถานีรถไฟปัตตานี (โคกโพธิ์),VA,65.45,1.0
สถานีรถไฟปัตตานี (โคกโพธิ์),VC,0.0,1.0
สถานีรถไฟพัทลุง,AA,30.0,1.0
สถานีรถไฟพัทลุง,MA,80.0,1.0
สถานีรถไฟพัทลุง,NH,30.0,1.0
สถานีรถไฟพัทลุง,NW,79.48,1.0
สถานีรถไฟพัทลุง,SF,95.56,1.0
สถานีรถไฟพัทลุง,SK,0.0,1.0
สถานีรถไฟพัทลุง,SV,65.0,1.0
สถานีรถไฟพัทลุง,TA,75.0,1.0
สถานีรถไฟพัทลุง,VA,77.0,1.0
สถานีรถไฟพัทลุง,VC,0.0,1.0
สถานีรถไฟยะลา,AA,40.0,1.0
สถานีรถไฟยะลา,MA,51.61,1.0
สถานีรถไฟยะลา,NH,30.0,1.0
สถานีรถไฟยะลา,NW,62.0,1.0
สถานีรถไฟยะลา,SF,88.57,1.0
สถานีรถไฟยะลา,SK,0.0,1.0
สถานีรถไฟยะลา,SV,47.5,1.0
สถานีรถไฟยะลา,TA,45.71,1.0
สถานีรถไฟยะลา,VA,53.0,1.0
สถานีรถไฟยะลา,VC,0.0,1.0
สถานีรถไฟสุราษฎร์ธานี,AA,43.33,1.0
สถานีรถไฟสุราษฎร์ธานี,MA,58.33,1.0
สถานีรถไฟสุราษฎร์ธานี,NH,30.0,1.0
สถานีรถไฟสุราษฎร์ธานี,NW,72.97,1.0
สถานีรถไฟสุราษฎร์ธานี,SF,93.85,1.0
สถานีรถไฟสุราษฎร์ธานี,SK,0.0,1.0
สถานีรถไฟสุราษฎร์ธานี,SV,100.0,1.0
สถานีรถไฟสุราษฎร์ธานี,TA,71.0,1.0
สถานีรถไฟสุราษฎร์ธานี,VA,44.67,1.0
สถานีรถไฟสุราษฎร์ธานี,VC,0.0,1.0
สถานีรถไฟสุไหงโก-ลก,AA,30.0,1.0
สถานีรถไฟสุไหงโก-ลก,MA,65.26,1.0
สถานีรถไฟสุไหงโก-ลก,NH,30.0,1.0
สถานีรถไฟสุไหงโก-ลก,NW,80.87,1.0
สถานีรถไฟสุไหงโก-ลก,SF,77.14,1.0
สถานีรถไฟสุไหงโก-ลก,SK,0.0,1.0
สถานีรถไฟสุไหงโก-ลก,SV,66.67,1.0
สถานีรถไฟสุไหงโก-ลก,TA,70.0,1.0
สถานีรถไฟสุไหงโก-ลก,VA,50.74,1.0
สถานีรถไฟสุไหงโก-ลก,VC,0.0,1.0
ท่าอากาศยานกระบี่,AA,80.53,2.0
ท่าอากาศยานกระบี่,MA,75.28,2.0
ท่าอากาศยานกระบี่,NH,100.0,2.0
ท่าอากาศยานกระบี่,NW,87.77,2.0
ท่าอากาศยานกระบี่,SF,95.0,2.0
ท่าอากาศยานกระบี่,SK,0.0,2.0
ท่าอากาศยานกระบี่,SV,100.0,2.0
ท่าอากาศยานกระบี่,TA,60.53,2.0
ท่าอากาศยานกระบี่,VA,54.68,2.0
ท่าอากาศยานกระบี่,VC,0.0,2.0
ท่าอากาศยานชุมพร,AA,66.84,2.0
ท่าอากาศยานชุมพร,MA,84.13,2.0
ท่าอากาศยานชุมพร,NH,76.67,2.0
ท่าอากาศยานชุมพร,NW,85.09,2.0
ท่าอากาศยานชุมพร,SF,85.37,2.0
ท่าอากาศยานชุมพร,SK,0.0,2.0
ท่าอากาศยานชุมพร,SV,100.0,2.0
ท่าอากาศยานชุมพร,TA,47.8,2.0
ท่าอากาศยานชุมพร,VA,62.73,2.0
ท่าอากาศยานชุมพร,VC,0.0,2.0
ท่าอากาศยานตรัง,AA,75.83,2.0
ท่าอากาศยานตรัง,MA,79.1,2.0
ท่าอากาศยานตรัง,NH,100.0,2.0
ท่าอากาศยานตรัง,NW,87.85,2.0
ท่าอากาศยานตรัง,SF,96.25,2.0
ท่าอากาศยานตรัง,SK,0.0,2.0
ท่าอากาศยานตรัง,SV,0.0,2.0
ท่าอากาศยานตรัง,TA,53.08,2.0
ท่าอากาศยานตรัง,VA,65.87,2.0
ท่าอากาศยานตรัง,VC,0.0,2.0
ท่าอากาศยานนครศรีธรรมราช,AA,76.67,2.0
ท่าอากาศยานนครศรีธรรมราช,MA,78.74,2.0
ท่าอากาศยานนครศรีธรรมราช,NH,100.0,2.0
ท่าอากาศยานนครศรีธรรมราช,NW,84.42,2.0
ท่าอากาศยานนครศรีธรรมราช,SF,93.33,2.0
ท่าอากาศยานนครศรีธรรมราช,SK,0.0,2.0
ท่าอากาศยานนครศรีธรรมราช,SV,72.0,2.0
ท่าอากาศยานนครศรีธรรมราช,TA,67.89,2.0
ท่าอากาศยานนครศรีธรรมราช,VA,57.11,2.0
ท่าอากาศยานนครศรีธรรมราช,VC,0.0,2.0
ท่าอากาศยานนราธิวาส,AA,46.43,2.0
ท่าอากาศยานนราธิวาส,MA,67.32,2.0
ท่าอากาศยานนราธิวาส,NH,37.5,2.0
ท่าอากาศยานนราธิวาส,NW,83.51,2.0
ท่าอากาศยานนราธิวาส,SF,86.67,2.0
ท่าอากาศยานนราธิวาส,SK,0.0,2.0
ท่าอากาศยานนราธิวาส,SV,30.0,2.0
ท่าอากาศยานนราธิวาส,TA,56.09,2.0
ท่าอากาศยานนราธิวาส,VA,60.77,2.0
ท่าอากาศยานนราธิวาส,VC,0.0,2.0
ท่าอากาศยานนานาชาติภูเก็ต,AA,77.24,2.0
ท่าอากาศยานนานาชาติภูเก็ต,MA,75.66,2.0
ท่าอากาศยานนานาชาติภูเก็ต,NH,66.67,2.0
ท่าอากาศยานนานาชาติภูเก็ต,NW,90.86,2.0
ท่าอากาศยานนานาชาติภูเก็ต,SF,97.65,2.0
ท่าอากาศยานนานาชาติภูเก็ต,SK,0.0,2.0
ท่าอากาศยานนานาชาติภูเก็ต,SV,86.0,2.0
ท่าอากาศยานนานาชาติภูเก็ต,TA,78.78,2.0
ท่าอากาศยานนานาชาติภูเก็ต,VA,66.59,2.0
ท่าอากาศยานนานาชาติภูเก็ต,VC,0.0,2.0
ท่าอากาศยานนานาชาติสุราษฎร์ธานี,AA,55.12,2.0
ท่าอากาศยานนานาชาติสุราษฎร์ธานี,MA,82.85,2.0
ท่าอากาศยานนานาชาติสุราษฎร์ธานี,NH,22.11,2.0
ท่าอากาศยานนานาชาติสุราษฎร์ธานี,NW,86.71,2.0
ท่าอากาศยานนานาชาติสุราษฎร์ธานี,SF,79.43,2.0
ท่าอากาศยานนานาชาติสุราษฎร์ธานี,SK,0.0,2.0
ท่าอากาศยานนานาชาติสุราษฎร์ธานี,SV,100.0,2.0
ท่าอากาศยานนานาชาติสุราษฎร์ธานี,TA,58.99,2.0
ท่าอากาศยานนานาชาติสุราษฎร์ธานี,VA,65.99,2.0
ท่าอากาศยานนานาชาติสุราษฎร์ธานี,VC,0.0,2.0
ท่าอากาศยานหาดใหญ่,AA,75.0,2.0
ท่าอากาศยานหาดใหญ่,MA,89.93,2.0
ท่าอากาศยานหาดใหญ่,NH,77.69,2.0
ท่าอากาศยานหาดใหญ่,NW,89.61,2.0
ท่าอากาศยานหาดใหญ่,SF,87.92,2.0
ท่าอากาศยานหาดใหญ่,SK,0.0,2.0
ท่าอากาศยานหาดใหญ่,SV,100.0,2.0
ท่าอากาศยานหาดใหญ่,TA,63.78,2.0
ท่าอากาศยานหาดใหญ่,VA,71.94,2.0
ท่าอากาศยานหาดใหญ่,VC,0.0,2.0
ท่าอากาศยานเบตง,AA,74.55,2.0
ท่าอากาศยานเบตง,MA,78.13,2.0
ท่าอากาศยานเบตง,NH,82.5,2.0
ท่าอากาศยานเบตง,NW,91.79,2.0
ท่าอากาศยานเบตง,SF,82.96,2.0
ท่าอากาศยานเบตง,SK,0.0,2.0
ท่าอากาศยานเบตง,SV,30.0,2.0
ท่าอากาศยานเบตง,TA,72.45,2.0
ท่าอากาศยานเบตง,VA,63.85,2.0
ท่าอากาศยานเบตง,VC,0.0,2.0
ท่าเทียบเรือปากเมง,AA,67.78,2.0
ท่าเทียบเรือปากเมง,MA,65.5,2.0
ท่าเทียบเรือปากเมง,NH,25.0,2.0
ท่าเทียบเรือปากเมง,NW,75.93,2.0
ท่าเทียบเรือปากเมง,SF,81.33,2.0
ท่าเทียบเรือปากเมง,SK,0.0,2.0
ท่าเทียบเรือปากเมง,SV,0.0,2.0
ท่าเทียบเรือปากเมง,TA,49.41,2.0
ท่าเทียบเรือปากเมง,VA,44.44,2.0
ท่าเทียบเรือปากเมง,VC,0.0,2.0
ท่าเทียบเรือศุลกากร ระนอง,AA,67.0,2.0
ท่าเทียบเรือศุลกากร ระนอง,MA,75.28,2.0
ท่าเทียบเรือศุลกากร ระนอง,NH,0.0,2.0
ท่าเทียบเรือศุลกากร ระนอง,NW,68.17,2.0
ท่าเทียบเรือศุลกากร ระนอง,SF,77.11,2.0
ท่าเทียบเรือศุลกากร ระนอง,SK,0.0,2.0
ท่าเทียบเรือศุลกากร ระนอง,SV,58.0,2.0
ท่าเทียบเรือศุลกากร ระนอง,TA,51.35,2.0
ท่าเทียบเรือศุลกากร ระนอง,VA,44.48,2.0
ท่าเทียบเรือศุลกากร ระนอง,VC,0.0,2.0
ท่าเทียบเรือหลักเมือง,AA,100.0,2.0
ท่าเทียบเรือหลักเมือง,MA,62.67,2.0
ท่าเทียบเรือหลักเมือง,NH,0.0,2.0
ท่าเทียบเรือหลักเมือง,NW,58.75,2.0
ท่าเทียบเรือหลักเมือง,SF,91.11,2.0
ท่าเทียบเรือหลักเมือง,SK,0.0,2.0
ท่าเทียบเรือหลักเมือง,SV,0.0,2.0
ท่าเทียบเรือหลักเมือง,TA,45.71,2.0
ท่าเทียบเรือหลักเมือง,VA,30.0,2.0
ท่าเทียบเรือหลักเมือง,VC,0.0,2.0
ท่าเรือข้ามฟากสงขลา (ฝั่งสงขลา),AA,46.67,2.0
ท่าเรือข้ามฟากสงขลา (ฝั่งสงขลา),MA,78.0,2.0
ท่าเรือข้ามฟากสงขลา (ฝั่งสงขลา),NH,20.0,2.0
ท่าเรือข้ามฟากสงขลา (ฝั่งสงขลา),NW,65.0,2.0
ท่าเรือข้ามฟากสงขลา (ฝั่งสงขลา),SF,60.0,2.0
ท่าเรือข้ามฟากสงขลา (ฝั่งสงขลา),SK,0.0,2.0
ท่าเรือข้ามฟากสงขลา (ฝั่งสงขลา),SV,0.0,2.0
ท่าเรือข้ามฟากสงขลา (ฝั่งสงขลา),TA,65.0,2.0
ท่าเรือข้ามฟากสงขลา (ฝั่งสงขลา),VA,80.0,2.0
ท่าเรือข้ามฟากสงขลา (ฝั่งสงขลา),VC,0.0,2.0
ท่าเรือข้ามฟากสงขลา (ฝั่งหัวเขาแดง),AA,73.33,2.0
ท่าเรือข้ามฟากสงขลา (ฝั่งหัวเขาแดง),MA,30.0,2.0
ท่าเรือข้ามฟากสงขลา (ฝั่งหัวเขาแดง),NH,0.0,2.0
ท่าเรือข้ามฟากสงขลา (ฝั่งหัวเขาแดง),NW,33.18,2.0
ท่าเรือข้ามฟากสงขลา (ฝั่งหัวเขาแดง),SF,20.0,2.0
ท่าเรือข้ามฟากสงขลา (ฝั่งหัวเขาแดง),SK,0.0,2.0
ท่าเรือข้ามฟากสงขลา (ฝั่งหัวเขาแดง),SV,0.0,2.0
ท่าเรือข้ามฟากสงขลา (ฝั่งหัวเขาแดง),TA,70.0,2.0
ท่าเรือข้ามฟากสงขลา (ฝั่งหัวเขาแดง),VA,20.0,2.0
ท่าเรือข้ามฟากสงขลา (ฝั่งหัวเขาแดง),VC,0.0,2.0
ท่าเรือคงคา,AA,58.33,2.0
ท่าเรือคงคา,MA,65.33,2.0
ท่าเรือคงคา,NH,0.0,2.0
ท่าเรือคงคา,NW,62.97,2.0
ท่าเรือคงคา,SF,82.22,2.0
ท่าเรือคงคา,SK,0.0,2.0
ท่าเรือคงคา,SV,44.0,2.0
ท่าเรือคงคา,TA,50.0,2.0
ท่าเรือคงคา,VA,42.5,2.0
ท่าเรือคงคา,VC,0.0,2.0
ท่าเรือทุ่งมะขามน้อย,AA,79.29,2.0
ท่าเรือทุ่งมะขามน้อย,MA,66.57,2.0
ท่าเรือทุ่งมะขามน้อย,NH,20.0,2.0
ท่าเรือทุ่งมะขามน้อย,NW,73.07,2.0
ท่าเรือทุ่งมะขามน้อย,SF,81.54,2.0
ท่าเรือทุ่งมะขามน้อย,SK,0.0,2.0
ท่าเรือทุ่งมะขามน้อย,SV,44.0,2.0
ท่าเรือทุ่งมะขามน้อย,TA,58.57,2.0
ท่าเรือทุ่งมะขามน้อย,VA,51.38,2.0
ท่าเรือทุ่งมะขามน้อย,VC,0.0,2.0
ท่าเรือปากบารา,AA,35.71,2.0
ท่าเรือปากบารา,MA,75.82,2.0
ท่าเรือปากบารา,NH,0.0,2.0
ท่าเรือปากบารา,NW,77.12,2.0
ท่าเรือปากบารา,SF,89.19,2.0
ท่าเรือปากบารา,SK,0.0,2.0
ท่าเรือปากบารา,SV,0.0,2.0
ท่าเรือปากบารา,TA,40.37,2.0
ท่าเรือปากบารา,VA,62.83,2.0
ท่าเรือปากบารา,VC,0.0,2.0
ท่าเรือรัษฎา,AA,63.0,2.0
ท่าเรือรัษฎา,MA,74.41,2.0
ท่าเรือรัษฎา,NH,20.0,2.0
ท่าเรือรัษฎา,NW,74.17,2.0
ท่าเรือรัษฎา,SF,85.12,2.0
ท่าเรือรัษฎา,SK,0.0,2.0
ท่าเรือรัษฎา,SV,44.0,2.0
ท่าเรือรัษฎา,TA,43.16,2.0
ท่าเรือรัษฎา,VA,53.33,2.0
ท่าเรือรัษฎา,VC,0.0,2.0
ท่าเรือสวนเจ้าฟ้า,AA,72.5,2.0
ท่าเรือสวนเจ้าฟ้า,MA,65.83,2.0
ท่าเรือสวนเจ้าฟ้า,NH,0.0,2.0
ท่าเรือสวนเจ้าฟ้า,NW,73.29,2.0
ท่าเรือสวนเจ้าฟ้า,SF,84.0,2.0
ท่าเรือสวนเจ้าฟ้า,SK,0.0,2.0
ท่าเรือสวนเจ้าฟ้า,SV,44.0,2.0
ท่าเรือสวนเจ้าฟ้า,TA,48.0,2.0
ท่าเรือสวนเจ้าฟ้า,VA,37.5,2.0
ท่าเรือสวนเจ้าฟ้า,VC,0.0,2.0
ท่าเรือสุระกุล,AA,35.0,2.0
ท่าเรือสุระกุล,MA,80.0,2.0
ท่าเรือสุระกุล,NH,0.0,2.0
ท่าเรือสุระกุล,NW,68.84,2.0
ท่าเรือสุระกุล,SF,80.0,2.0
ท่าเรือสุระกุล,SK,0.0,2.0
ท่าเรือสุระกุล,SV,44.0,2.0
ท่าเรือสุระกุล,TA,47.78,2.0
ท่าเรือสุระกุล,VA,29.09,2.0
ท่าเรือสุระกุล,VC,0.0,2.0
สถานีขนส่งผู้โดยสารจังหวัดกระบี่,AA,56.67,2.0
สถานีขนส่งผู้โดยสารจังหวัดกระบี่,MA,77.05,2.0
สถานีขนส่งผู้โดยสารจังหวัดกระบี่,NH,53.33,2.0
สถานีขนส่งผู้โดยสารจังหวัดกระบี่,NW,83.06,2.0
สถานีขนส่งผู้โดยสารจังหวัดกระบี่,SF,95.2,2.0
สถานีขนส่งผู้โดยสารจังหวัดกระบี่,SK,0.0,2.0
สถานีขนส่งผู้โดยสารจังหวัดกระบี่,SV,30.0,2.0
สถานีขนส่งผู้โดยสารจังหวัดกระบี่,TA,50.43,2.0
สถานีขนส่งผู้โดยสารจังหวัดกระบี่,VA,55.56,2.0
สถานีขนส่งผู้โดยสารจังหวัดกระบี่,VC,0.0,2.0
สถานีขนส่งผู้โดยสารจังหวัดตรัง,AA,44.12,2.0
สถานีขนส่งผู้โดยสารจังหวัดตรัง,MA,71.03,2.0
สถานีขนส่งผู้โดยสารจังหวัดตรัง,NH,25.0,2.0
สถานีขนส่งผู้โดยสารจังหวัดตรัง,NW,74.34,2.0
สถานีขนส่งผู้โดยสารจังหวัดตรัง,SF,82.22,2.0
สถานีขนส่งผู้โดยสารจังหวัดตรัง,SK,0.0,2.0
สถานีขนส่งผู้โดยสารจังหวัดตรัง,SV,44.0,2.0
สถานีขนส่งผู้โดยสารจังหวัดตรัง,TA,50.5,2.0
สถานีขนส่งผู้โดยสารจังหวัดตรัง,VA,83.85,2.0
สถานีขนส่งผู้โดยสารจังหวัดตรัง,VC,0.0,2.0
สถานีขนส่งผู้โดยสารจังหวัดนครศรีธรรมราช,AA,46.25,2.0
สถานีขนส่งผู้โดยสารจังหวัดนครศรีธรรมราช,MA,74.42,2.0
สถานีขนส่งผู้โดยสารจังหวัดนครศรีธรรมราช,NH,85.0,2.0
สถานีขนส่งผู้โดยสารจังหวัดนครศรีธรรมราช,NW,61.76,2.0
สถานีขนส่งผู้โดยสารจังหวัดนครศรีธรรมราช,SF,90.95,2.0
สถานีขนส่งผู้โดยสารจังหวัดนครศรีธรรมราช,SK,0.0,2.0
สถานีขนส่งผู้โดยสารจังหวัดนครศรีธรรมราช,SV,44.0,2.0
สถานีขนส่งผู้โดยสารจังหวัดนครศรีธรรมราช,TA,47.2,2.0
สถานีขนส่งผู้โดยสารจังหวัดนครศรีธรรมราช,VA,54.86,2.0
สถานีขนส่งผู้โดยสารจังหวัดนครศรีธรรมราช,VC,0.0,2.0
สถานีขนส่งผู้โดยสารจังหวัดนราธิวาส,AA,55.33,2.0
สถานีขนส่งผู้โดยสารจังหวัดนราธิวาส,MA,70.0,2.0
สถานีขนส่งผู้โดยสารจังหวัดนราธิวาส,NH,45.0,2.0
สถานีขนส่งผู้โดยสารจังหวัดนราธิวาส,NW,87.48,2.0
สถานีขนส่งผู้โดยสารจังหวัดนราธิวาส,SF,91.11,2.0
สถานีขนส่งผู้โดยสารจังหวัดนราธิวาส,SK,0.0,2.0
สถานีขนส่งผู้โดยสารจังหวัดนราธิวาส,SV,44.0,2.0
สถานีขนส่งผู้โดยสารจังหวัดนราธิวาส,TA,53.55,2.0
สถานีขนส่งผู้โดยสารจังหวัดนราธิวาส,VA,61.25,2.0
สถานีขนส่งผู้โดยสารจังหวัดนราธิวาส,VC,0.0,2.0
สถานีขนส่งผู้โดยสารจังหวัดปัตตานี,AA,67.5,2.0
สถานีขนส่งผู้โดยสารจังหวัดปัตตานี,MA,68.15,2.0
สถานีขนส่งผู้โดยสารจังหวัดปัตตานี,NH,25.0,2.0
สถานีขนส่งผู้โดยสารจังหวัดปัตตานี,NW,83.38,2.0
สถานีขนส่งผู้โดยสารจังหวัดปัตตานี,SF,91.76,2.0
สถานีขนส่งผู้โดยสารจังหวัดปัตตานี,SK,0.0,2.0
สถานีขนส่งผู้โดยสารจังหวัดปัตตานี,SV,58.0,2.0
สถานีขนส่งผู้โดยสารจังหวัดปัตตานี,TA,51.79,2.0
สถานีขนส่งผู้โดยสารจังหวัดปัตตานี,VA,51.25,2.0
สถานีขนส่งผู้โดยสารจังหวัดปัตตานี,VC,0.0,2.0
สถานีขนส่งผู้โดยสารจังหวัดพังงา,AA,58.0,2.0
สถานีขนส่งผู้โดยสารจังหวัดพังงา,MA,80.45,2.0
สถานีขนส่งผู้โดยสารจังหวัดพังงา,NH,20.0,2.0
สถานีขนส่งผู้โดยสารจังหวัดพังงา,NW,81.12,2.0
สถานีขนส่งผู้โดยสารจังหวัดพังงา,SF,90.48,2.0
สถานีขนส่งผู้โดยสารจังหวัดพังงา,SK,0.0,2.0
สถานีขนส่งผู้โดยสารจังหวัดพังงา,SV,30.0,2.0
สถานีขนส่งผู้โดยสารจังหวัดพังงา,TA,64.69,2.0
สถานีขนส่งผู้โดยสารจังหวัดพังงา,VA,59.12,2.0
สถานีขนส่งผู้โดยสารจังหวัดพังงา,VC,0.0,2.0
สถานีขนส่งผู้โดยสารจังหวัดพัทลุง,AA,52.73,2.0
สถานีขนส่งผู้โดยสารจังหวัดพัทลุง,MA,79.14,2.0
สถานีขนส่งผู้โดยสารจังหวัดพัทลุง,NH,23.33,2.0
สถานีขนส่งผู้โดยสารจังหวัดพัทลุง,NW,77.75,2.0
สถานีขนส่งผู้โดยสารจังหวัดพัทลุง,SF,90.34,2.0
สถานีขนส่งผู้โดยสารจังหวัดพัทลุง,SK,0.0,2.0
สถานีขนส่งผู้โดยสารจังหวัดพัทลุง,SV,44.0,2.0
สถานีขนส่งผู้โดยสารจังหวัดพัทลุง,TA,43.7,2.0
สถานีขนส่งผู้โดยสารจังหวัดพัทลุง,VA,74.58,2.0
สถานีขนส่งผู้โดยสารจังหวัดพัทลุง,VC,0.0,2.0
สถานีขนส่งผู้โดยสารจังหวัดภูเก็ต แห่งที่ 2,AA,51.67,2.0
สถานีขนส่งผู้โดยสารจังหวัดภูเก็ต แห่งที่ 2,MA,82.03,2.0
สถานีขนส่งผู้โดยสารจังหวัดภูเก็ต แห่งที่ 2,NH,100.0,2.0
สถานีขนส่งผู้โดยสารจังหวัดภูเก็ต แห่งที่ 2,NW,79.59,2.0
สถานีขนส่งผู้โดยสารจังหวัดภูเก็ต แห่งที่ 2,SF,94.55,2.0
สถานีขนส่งผู้โดยสารจังหวัดภูเก็ต แห่งที่ 2,SK,0.0,2.0
สถานีขนส่งผู้โดยสารจังหวัดภูเก็ต แห่งที่ 2,SV,100.0,2.0
สถานีขนส่งผู้โดยสารจังหวัดภูเก็ต แห่งที่ 2,TA,51.33,2.0
สถานีขนส่งผู้โดยสารจังหวัดภูเก็ต แห่งที่ 2,VA,57.07,2.0
สถานีขนส่งผู้โดยสารจังหวัดภูเก็ต แห่งที่ 2,VC,0.0,2.0
สถานีขนส่งผู้โดยสารจังหวัดระนอง,AA,54.29,2.0
สถานีขนส่งผู้โดยสารจังหวัดระนอง,MA,80.0,2.0
สถานีขนส่งผู้โดยสารจังหวัดระนอง,NH,100.0,2.0
สถานีขนส่งผู้โดยสารจังหวัดระนอง,NW,80.0,2.0
สถานีขนส่งผู้โดยสารจังหวัดระนอง,SF,88.0,2.0
สถานีขนส่งผู้โดยสารจังหวัดระนอง,SK,0.0,2.0
สถานีขนส่งผู้โดยสารจังหวัดระนอง,SV,44.0,2.0
สถานีขนส่งผู้โดยสารจังหวัดระนอง,TA,43.46,2.0
สถานีขนส่งผู้โดยสารจังหวัดระนอง,VA,42.76,2.0
สถานีขนส่งผู้โดยสารจังหวัดระนอง,VC,0.0,2.0
สถานีขนส่งผู้โดยสารจังหวัดสุราษฎร์ธานี,AA,52.86,2.0
สถานีขนส่งผู้โดยสารจังหวัดสุราษฎร์ธานี,MA,76.88,2.0
สถานีขนส่งผู้โดยสารจังหวัดสุราษฎร์ธานี,NH,65.0,2.0
สถานีขนส่งผู้โดยสารจังหวัดสุราษฎร์ธานี,NW,76.58,2.0
สถานีขนส่งผู้โดยสารจังหวัดสุราษฎร์ธานี,SF,70.43,2.0
สถานีขนส่งผู้โดยสารจังหวัดสุราษฎร์ธานี,SK,0.0,2.0
สถานีขนส่งผู้โดยสารจังหวัดสุราษฎร์ธานี,SV,72.0,2.0
สถานีขนส่งผู้โดยสารจังหวัดสุราษฎร์ธานี,TA,52.86,2.0
สถานีขนส่งผู้โดยสารจังหวัดสุราษฎร์ธานี,VA,58.72,2.0
สถานีขนส่งผู้โดยสารจังหวัดสุราษฎร์ธานี,VC,0.0,2.0
สถานีขนส่งผู้โดยสารปฐมพร (บขส.ชุมพร),AA,47.5,2.0
สถานีขนส่งผู้โดยสารปฐมพร (บขส.ชุมพร),MA,81.33,2.0
สถานีขนส่งผู้โดยสารปฐมพร (บขส.ชุมพร),NH,60.0,2.0
สถานีขนส่งผู้โดยสารปฐมพร (บขส.ชุมพร),NW,75.88,2.0
สถานีขนส่งผู้โดยสารปฐมพร (บขส.ชุมพร),SF,85.88,2.0
สถานีขนส่งผู้โดยสารปฐมพร (บขส.ชุมพร),SK,0.0,2.0
สถานีขนส่งผู้โดยสารปฐมพร (บขส.ชุมพร),SV,44.0,2.0
สถานีขนส่งผู้โดยสารปฐมพร (บขส.ชุมพร),TA,42.5,2.0
สถานีขนส่งผู้โดยสารปฐมพร (บขส.ชุมพร),VA,64.12,2.0
สถานีขนส่งผู้โดยสารปฐมพร (บขส.ชุมพร),VC,0.0,2.0
สถานีขนส่งผู้โดยสารเทศบาลนครยะลา,AA,63.57,2.0
สถานีขนส่งผู้โดยสารเทศบาลนครยะลา,MA,63.95,2.0
สถานีขนส่งผู้โดยสารเทศบาลนครยะลา,NH,20.0,2.0
สถานีขนส่งผู้โดยสารเทศบาลนครยะลา,NW,78.2,2.0
สถานีขนส่งผู้โดยสารเทศบาลนครยะลา,SF,85.45,2.0
สถานีขนส่งผู้โดยสารเทศบาลนครยะลา,SK,0.0,2.0
สถานีขนส่งผู้โดยสารเทศบาลนครยะลา,SV,30.0,2.0
สถานีขนส่งผู้โดยสารเทศบาลนครยะลา,TA,41.11,2.0
สถานีขนส่งผู้โดยสารเทศบาลนครยะลา,VA,42.17,2.0
สถานีขนส่งผู้โดยสารเทศบาลนครยะลา,VC,0.0,2.0
สถานีขนส่งสตูล,AA,46.36,2.0
สถานีขนส่งสตูล,MA,76.0,2.0
สถานีขนส่งสตูล,NH,20.0,2.0
สถานีขนส่งสตูล,NW,81.79,2.0
สถานีขนส่งสตูล,SF,82.22,2.0
สถานีขนส่งสตูล,SK,0.0,2.0
สถานีขนส่งสตูล,SV,44.0,2.0
สถานีขนส่งสตูล,TA,62.11,2.0
สถานีขนส่งสตูล,VA,76.67,2.0
สถานีขนส่งสตูล,VC,0.0,2.0
สถานีขนส่งหาดใหญ่,AA,51.67,2.0
สถานีขนส่งหาดใหญ่,MA,82.16,2.0
สถานีขนส่งหาดใหญ่,NH,40.0,2.0
สถานีขนส่งหาดใหญ่,NW,65.38,2.0
สถานีขนส่งหาดใหญ่,SF,95.29,2.0
สถานีขนส่งหาดใหญ่,SK,0.0,2.0
สถานีขนส่งหาดใหญ่,SV,47.5,2.0
สถานีขนส่งหาดใหญ่,TA,39.57,2.0
สถานีขนส่งหาดใหญ่,VA,58.18,2.0
สถานีขนส่งหาดใหญ่,VC,0.0,2.0
สถานีรถไฟชุมทางทุ่งสง,AA,54.0,2.0
สถานีรถไฟชุมทางทุ่งสง,MA,74.73,2.0
สถานีรถไฟชุมทางทุ่งสง,NH,60.0,2.0
สถานีรถไฟชุมทางทุ่งสง,NW,76.77,2.0
สถานีรถไฟชุมทางทุ่งสง,SF,91.11,2.0
สถานีรถไฟชุมทางทุ่งสง,SK,0.0,2.0
สถานีรถไฟชุมทางทุ่งสง,SV,58.0,2.0
สถานีรถไฟชุมทางทุ่งสง,TA,53.33,2.0
สถานีรถไฟชุมทางทุ่งสง,VA,61.32,2.0
สถานีรถไฟชุมทางทุ่งสง,VC,0.0,2.0
สถานีรถไฟชุมทางหาดใหญ่,AA,74.17,2.0
สถานีรถไฟชุมทางหาดใหญ่,MA,80.82,2.0
สถานีรถไฟชุมทางหาดใหญ่,NH,65.0,2.0
สถานีรถไฟชุมทางหาดใหญ่,NW,78.77,2.0
สถานีรถไฟชุมทางหาดใหญ่,SF,85.56,2.0
สถานีรถไฟชุมทางหาดใหญ่,SK,0.0,2.0
สถานีรถไฟชุมทางหาดใหญ่,SV,44.0,2.0
สถานีรถไฟชุมทางหาดใหญ่,TA,50.97,2.0
สถานีรถไฟชุมทางหาดใหญ่,VA,56.79,2.0
สถานีรถไฟชุมทางหาดใหญ่,VC,0.0,2.0
สถานีรถไฟชุมพร,AA,60.0,2.0
สถานีรถไฟชุมพร,MA,70.6,2.0
สถานีรถไฟชุมพร,NH,41.43,2.0
สถานีรถไฟชุมพร,NW,57.45,2.0
สถานีรถไฟชุมพร,SF,85.14,2.0
สถานีรถไฟชุมพร,SK,0.0,2.0
สถานีรถไฟชุมพร,SV,44.0,2.0
สถานีรถไฟชุมพร,TA,47.58,2.0
สถานีรถไฟชุมพร,VA,50.95,2.0
สถานีรถไฟชุมพร,VC,0.0,2.0
สถานีรถไฟตรัง,AA,74.44,2.0
สถานีรถไฟตรัง,MA,83.0,2.0
สถานีรถไฟตรัง,NH,25.0,2.0
สถานีรถไฟตรัง,NW,77.7,2.0
สถานีรถไฟตรัง,SF,83.33,2.0
สถานีรถไฟตรัง,SK,0.0,2.0
สถานีรถไฟตรัง,SV,44.0,2.0
สถานีรถไฟตรัง,TA,53.04,2.0
สถานีรถไฟตรัง,VA,66.67,2.0
สถานีรถไฟตรัง,VC,0.0,2.0
สถานีรถไฟปัตตานี (โคกโพธิ์),AA,66.0,2.0
สถานีรถไฟปัตตานี (โคกโพธิ์),MA,69.71,2.0
สถานีรถไฟปัตตานี (โคกโพธิ์),NH,25.0,2.0
สถานีรถไฟปัตตานี (โคกโพธิ์),NW,72.19,2.0
สถานีรถไฟปัตตานี (โคกโพธิ์),SF,87.5,2.0
สถานีรถไฟปัตตานี (โคกโพธิ์),SK,0.0,2.0
สถานีรถไฟปัตตานี (โคกโพธิ์),SV,80.0,2.0
สถานีรถไฟปัตตานี (โคกโพธิ์),TA,49.13,2.0
สถานีรถไฟปัตตานี (โคกโพธิ์),VA,63.68,2.0
สถานีรถไฟปัตตานี (โคกโพธิ์),VC,0.0,2.0
สถานีรถไฟพัทลุง,AA,68.75,2.0
สถานีรถไฟพัทลุง,MA,83.39,2.0
สถานีรถไฟพัทลุง,NH,27.5,2.0
สถานีรถไฟพัทลุง,NW,83.31,2.0
สถานีรถไฟพัทลุง,SF,93.6,2.0
สถานีรถไฟพัทลุง,SK,0.0,2.0
สถานีรถไฟพัทลุง,SV,58.0,2.0
สถานีรถไฟพัทลุง,TA,60.42,2.0
สถานีรถไฟพัทลุง,VA,75.91,2.0
สถานีรถไฟพัทลุง,VC,0.0,2.0
สถานีรถไฟยะลา,AA,60.83,2.0
สถานีรถไฟยะลา,MA,62.74,2.0
สถานีรถไฟยะลา,NH,26.0,2.0
สถานีรถไฟยะลา,NW,65.21,2.0
สถานีรถไฟยะลา,SF,78.06,2.0
สถานีรถไฟยะลา,SK,0.0,2.0
สถานีรถไฟยะลา,SV,44.0,2.0
สถานีรถไฟยะลา,TA,34.84,2.0
สถานีรถไฟยะลา,VA,63.14,2.0
สถานีรถไฟยะลา,VC,0.0,2.0
สถานีรถไฟสุราษฎร์ธานี,AA,67.33,2.0
สถานีรถไฟสุราษฎร์ธานี,MA,75.2,2.0
สถานีรถไฟสุราษฎร์ธานี,NH,30.0,2.0
สถานีรถไฟสุราษฎร์ธานี,NW,75.67,2.0
สถานีรถไฟสุราษฎร์ธานี,SF,93.68,2.0
สถานีรถไฟสุราษฎร์ธานี,SK,0.0,2.0
สถานีรถไฟสุราษฎร์ธานี,SV,100.0,2.0
สถานีรถไฟสุราษฎร์ธานี,TA,49.68,2.0
สถานีรถไฟสุราษฎร์ธานี,VA,52.17,2.0
สถานีรถไฟสุราษฎร์ธานี,VC,0.0,2.0
สถานีรถไฟสุไหงโก-ลก,AA,76.67,2.0
สถานีรถไฟสุไหงโก-ลก,MA,77.54,2.0
สถานีรถไฟสุไหงโก-ลก,NH,66.0,2.0
สถานีรถไฟสุไหงโก-ลก,NW,78.44,2.0
สถานีรถไฟสุไหงโก-ลก,SF,65.71,2.0
สถานีรถไฟสุไหงโก-ลก,SK,0.0,2.0
สถานีรถไฟสุไหงโก-ลก,SV,57.5,2.0
สถานีรถไฟสุไหงโก-ลก,TA,41.32,2.0
สถานีรถไฟสุไหงโก-ลก,VA,57.3,2.0
สถานีรถไฟสุไหงโก-ลก,VC,0.0,2.0
ท่าอากาศยานกระบี่,AA,71.74,3.0
ท่าอากาศยานกระบี่,MA,73.2,3.0
ท่าอากาศยานกระบี่,NH,100.0,3.0
ท่าอากาศยานกระบี่,NW,85.2,3.0
ท่าอากาศยานกระบี่,SF,95.29,3.0
ท่าอากาศยานกระบี่,SK,0.0,3.0
ท่าอากาศยานกระบี่,SV,100.0,3.0
ท่าอากาศยานกระบี่,TA,59.74,3.0
ท่าอากาศยานกระบี่,VA,54.07,3.0
ท่าอากาศยานกระบี่,VC,0.0,3.0
ท่าอากาศยานชุมพร,AA,60.43,3.0
ท่าอากาศยานชุมพร,MA,79.66,3.0
ท่าอากาศยานชุมพร,NH,76.67,3.0
ท่าอากาศยานชุมพร,NW,82.36,3.0
ท่าอากาศยานชุมพร,SF,80.43,3.0
ท่าอากาศยานชุมพร,SK,0.0,3.0
ท่าอากาศยานชุมพร,SV,100.0,3.0
ท่าอากาศยานชุมพร,TA,46.18,3.0
ท่าอากาศยานชุมพร,VA,61.76,3.0
ท่าอากาศยานชุมพร,VC,0.0,3.0
ท่าอากาศยานตรัง,AA,64.38,3.0
ท่าอากาศยานตรัง,MA,76.67,3.0
ท่าอากาศยานตรัง,NH,100.0,3.0
ท่าอากาศยานตรัง,NW,86.54,3.0
ท่าอากาศยานตรัง,SF,96.47,3.0
ท่าอากาศยานตรัง,SK,0.0,3.0
ท่าอากาศยานตรัง,SV,0.0,3.0
ท่าอากาศยานตรัง,TA,52.22,3.0
ท่าอากาศยานตรัง,VA,64.38,3.0
ท่าอากาศยานตรัง,VC,0.0,3.0
ท่าอากาศยานนครศรีธรรมราช,AA,72.61,3.0
ท่าอากาศยานนครศรีธรรมราช,MA,76.53,3.0
ท่าอากาศยานนครศรีธรรมราช,NH,100.0,3.0
ท่าอากาศยานนครศรีธรรมราช,NW,80.48,3.0
ท่าอากาศยานนครศรีธรรมราช,SF,93.9,3.0
ท่าอากาศยานนครศรีธรรมราช,SK,0.0,3.0
ท่าอากาศยานนครศรีธรรมราช,SV,72.0,3.0
ท่าอากาศยานนครศรีธรรมราช,TA,65.4,3.0
ท่าอากาศยานนครศรีธรรมราช,VA,56.79,3.0
ท่าอากาศยานนครศรีธรรมราช,VC,0.0,3.0
ท่าอากาศยานนราธิวาส,AA,42.78,3.0
ท่าอากาศยานนราธิวาส,MA,64.68,3.0
ท่าอากาศยานนราธิวาส,NH,37.5,3.0
ท่าอากาศยานนราธิวาส,NW,82.94,3.0
ท่าอากาศยานนราธิวาส,SF,86.67,3.0
ท่าอากาศยานนราธิวาส,SK,0.0,3.0
ท่าอากาศยานนราธิวาส,SV,30.0,3.0
ท่าอากาศยานนราธิวาส,TA,52.22,3.0
ท่าอากาศยานนราธิวาส,VA,59.63,3.0
ท่าอากาศยานนราธิวาส,VC,0.0,3.0
ท่าอากาศยานนานาชาติภูเก็ต,AA,77.24,3.0
ท่าอากาศยานนานาชาติภูเก็ต,MA,74.16,3.0
ท่าอากาศยานนานาชาติภูเก็ต,NH,66.67,3.0
ท่าอากาศยานนานาชาติภูเก็ต,NW,89.69,3.0
ท่าอากาศยานนานาชาติภูเก็ต,SF,95.79,3.0
ท่าอากาศยานนานาชาติภูเก็ต,SK,0.0,3.0
ท่าอากาศยานนานาชาติภูเก็ต,SV,86.0,3.0
ท่าอากาศยานนานาชาติภูเก็ต,TA,74.44,3.0
ท่าอากาศยานนานาชาติภูเก็ต,VA,66.59,3.0
ท่าอากาศยานนานาชาติภูเก็ต,VC,0.0,3.0
ท่าอากาศยานนานาชาติสุราษฎร์ธานี,AA,51.91,3.0
ท่าอากาศยานนานาชาติสุราษฎร์ธานี,MA,80.03,3.0
ท่าอากาศยานนานาชาติสุราษฎร์ธานี,NH,22.11,3.0
ท่าอากาศยานนานาชาติสุราษฎร์ธานี,NW,84.54,3.0
ท่าอากาศยานนานาชาติสุราษฎร์ธานี,SF,78.85,3.0
ท่าอากาศยานนานาชาติสุราษฎร์ธานี,SK,0.0,3.0
ท่าอากาศยานนานาชาติสุราษฎร์ธานี,SV,100.0,3.0
ท่าอากาศยานนานาชาติสุราษฎร์ธานี,TA,58.67,3.0
ท่าอากาศยานนานาชาติสุราษฎร์ธานี,VA,65.24,3.0
ท่าอากาศยานนานาชาติสุราษฎร์ธานี,VC,0.0,3.0
ท่าอากาศยานหาดใหญ่,AA,68.57,3.0
ท่าอากาศยานหาดใหญ่,MA,87.71,3.0
ท่าอากาศยานหาดใหญ่,NH,77.69,3.0
ท่าอากาศยานหาดใหญ่,NW,88.43,3.0
ท่าอากาศยานหาดใหญ่,SF,88.83,3.0
ท่าอากาศยานหาดใหญ่,SK,0.0,3.0
ท่าอากาศยานหาดใหญ่,SV,100.0,3.0
ท่าอากาศยานหาดใหญ่,TA,62.47,3.0
ท่าอากาศยานหาดใหญ่,VA,71.14,3.0
ท่าอากาศยานหาดใหญ่,VC,0.0,3.0
ท่าอากาศยานเบตง,AA,62.67,3.0
ท่าอากาศยานเบตง,MA,73.17,3.0
ท่าอากาศยานเบตง,NH,82.5,3.0
ท่าอากาศยานเบตง,NW,91.93,3.0
ท่าอากาศยานเบตง,SF,83.27,3.0
ท่าอากาศยานเบตง,SK,0.0,3.0
ท่าอากาศยานเบตง,SV,30.0,3.0
ท่าอากาศยานเบตง,TA,72.45,3.0
ท่าอากาศยานเบตง,VA,63.12,3.0
ท่าอากาศยานเบตง,VC,0.0,3.0
ท่าเทียบเรือปากเมง,AA,60.91,3.0
ท่าเทียบเรือปากเมง,MA,63.81,3.0
ท่าเทียบเรือปากเมง,NH,25.0,3.0
ท่าเทียบเรือปากเมง,NW,72.28,3.0
ท่าเทียบเรือปากเมง,SF,77.5,3.0
ท่าเทียบเรือปากเมง,SK,0.0,3.0
ท่าเทียบเรือปากเมง,SV,0.0,3.0
ท่าเทียบเรือปากเมง,TA,48.33,3.0
ท่าเทียบเรือปากเมง,VA,43.0,3.0
ท่าเทียบเรือปากเมง,VC,0.0,3.0
ท่าเทียบเรือศุลกากร ระนอง,AA,60.83,3.0
ท่าเทียบเรือศุลกากร ระนอง,MA,73.27,3.0
ท่าเทียบเรือศุลกากร ระนอง,NH,0.0,3.0
ท่าเทียบเรือศุลกากร ระนอง,NW,65.79,3.0
ท่าเทียบเรือศุลกากร ระนอง,SF,76.83,3.0
ท่าเทียบเรือศุลกากร ระนอง,SK,0.0,3.0
ท่าเทียบเรือศุลกากร ระนอง,SV,58.0,3.0
ท่าเทียบเรือศุลกากร ระนอง,TA,51.35,3.0
ท่าเทียบเรือศุลกากร ระนอง,VA,44.0,3.0
ท่าเทียบเรือศุลกากร ระนอง,VC,0.0,3.0
ท่าเทียบเรือหลักเมือง,AA,72.0,3.0
ท่าเทียบเรือหลักเมือง,MA,62.67,3.0
ท่าเทียบเรือหลักเมือง,NH,0.0,3.0
ท่าเทียบเรือหลักเมือง,NW,58.75,3.0
ท่าเทียบเรือหลักเมือง,SF,86.67,3.0
ท่าเทียบเรือหลักเมือง,SK,0.0,3.0
ท่าเทียบเรือหลักเมือง,SV,0.0,3.0
ท่าเทียบเรือหลักเมือง,TA,45.71,3.0
ท่าเทียบเรือหลักเมือง,VA,30.0,3.0
ท่าเทียบเรือหลักเมือง,VC,0.0,3.0
ท่าเรือข้ามฟากสงขลา (ฝั่งสงขลา),AA,46.67,3.0
ท่าเรือข้ามฟากสงขลา (ฝั่งสงขลา),MA,74.38,3.0
ท่าเรือข้ามฟากสงขลา (ฝั่งสงขลา),NH,20.0,3.0
ท่าเรือข้ามฟากสงขลา (ฝั่งสงขลา),NW,65.0,3.0
ท่าเรือข้ามฟากสงขลา (ฝั่งสงขลา),SF,60.0,3.0
ท่าเรือข้ามฟากสงขลา (ฝั่งสงขลา),SK,0.0,3.0
ท่าเรือข้ามฟากสงขลา (ฝั่งสงขลา),SV,0.0,3.0
ท่าเรือข้ามฟากสงขลา (ฝั่งสงขลา),TA,65.0,3.0
ท่าเรือข้ามฟากสงขลา (ฝั่งสงขลา),VA,80.0,3.0
ท่าเรือข้ามฟากสงขลา (ฝั่งสงขลา),VC,0.0,3.0
ท่าเรือข้ามฟากสงขลา (ฝั่งหัวเขาแดง),AA,73.33,3.0
ท่าเรือข้ามฟากสงขลา (ฝั่งหัวเขาแดง),MA,30.0,3.0
ท่าเรือข้ามฟากสงขลา (ฝั่งหัวเขาแดง),NH,0.0,3.0
ท่าเรือข้ามฟากสงขลา (ฝั่งหัวเขาแดง),NW,33.18,3.0
ท่าเรือข้ามฟากสงขลา (ฝั่งหัวเขาแดง),SF,20.0,3.0
ท่าเรือข้ามฟากสงขลา (ฝั่งหัวเขาแดง),SK,0.0,3.0
ท่าเรือข้ามฟากสงขลา (ฝั่งหัวเขาแดง),SV,0.0,3.0
ท่าเรือข้ามฟากสงขลา (ฝั่งหัวเขาแดง),TA,70.0,3.0
ท่าเรือข้ามฟากสงขลา (ฝั่งหัวเขาแดง),VA,20.0,3.0
ท่าเรือข้ามฟากสงขลา (ฝั่งหัวเขาแดง),VC,0.0,3.0
ท่าเรือคงคา,AA,51.25,3.0
ท่าเรือคงคา,MA,61.18,3.0
ท่าเรือคงคา,NH,0.0,3.0
ท่าเรือคงคา,NW,60.77,3.0
ท่าเรือคงคา,SF,78.18,3.0
ท่าเรือคงคา,SK,0.0,3.0
ท่าเรือคงคา,SV,44.0,3.0
ท่าเรือคงคา,TA,46.92,3.0
ท่าเรือคงคา,VA,41.11,3.0
ท่าเรือคงคา,VC,0.0,3.0
ท่าเรือทุ่งมะขามน้อย,AA,68.33,3.0
ท่าเรือทุ่งมะขามน้อย,MA,63.42,3.0
ท่าเรือทุ่งมะขามน้อย,NH,20.0,3.0
ท่าเรือทุ่งมะขามน้อย,NW,68.41,3.0
ท่าเรือทุ่งมะขามน้อย,SF,73.33,3.0
ท่าเรือทุ่งมะขามน้อย,SK,0.0,3.0
ท่าเรือทุ่งมะขามน้อย,SV,44.0,3.0
ท่าเรือทุ่งมะขามน้อย,TA,56.09,3.0
ท่าเรือทุ่งมะขามน้อย,VA,50.0,3.0
ท่าเรือทุ่งมะขามน้อย,VC,0.0,3.0
ท่าเรือปากบารา,AA,35.71,3.0
ท่าเรือปากบารา,MA,73.17,3.0
ท่าเรือปากบารา,NH,0.0,3.0
ท่าเรือปากบารา,NW,71.75,3.0
ท่าเรือปากบารา,SF,90.91,3.0
ท่าเรือปากบารา,SK,0.0,3.0
ท่าเรือปากบารา,SV,0.0,3.0
ท่าเรือปากบารา,TA,38.48,3.0
ท่าเรือปากบารา,VA,62.83,3.0
ท่าเรือปากบารา,VC,0.0,3.0
ท่าเรือรัษฎา,AA,57.5,3.0
ท่าเรือรัษฎา,MA,73.22,3.0
ท่าเรือรัษฎา,NH,20.0,3.0
ท่าเรือรัษฎา,NW,67.41,3.0
ท่าเรือรัษฎา,SF,85.88,3.0
ท่าเรือรัษฎา,SK,0.0,3.0
ท่าเรือรัษฎา,SV,44.0,3.0
ท่าเรือรัษฎา,TA,42.5,3.0
ท่าเรือรัษฎา,VA,52.88,3.0
ท่าเรือรัษฎา,VC,0.0,3.0
ท่าเรือสวนเจ้าฟ้า,AA,58.33,3.0
ท่าเรือสวนเจ้าฟ้า,MA,65.83,3.0
ท่าเรือสวนเจ้าฟ้า,NH,0.0,3.0
ท่าเรือสวนเจ้าฟ้า,NW,69.88,3.0
ท่าเรือสวนเจ้าฟ้า,SF,81.54,3.0
ท่าเรือสวนเจ้าฟ้า,SK,0.0,3.0
ท่าเรือสวนเจ้าฟ้า,SV,44.0,3.0
ท่าเรือสวนเจ้าฟ้า,TA,48.0,3.0
ท่าเรือสวนเจ้าฟ้า,VA,36.67,3.0
ท่าเรือสวนเจ้าฟ้า,VC,0.0,3.0
ท่าเรือสุระกุล,AA,33.33,3.0
ท่าเรือสุระกุล,MA,80.0,3.0
ท่าเรือสุระกุล,NH,0.0,3.0
ท่าเรือสุระกุล,NW,63.25,3.0
ท่าเรือสุระกุล,SF,76.47,3.0
ท่าเรือสุระกุล,SK,0.0,3.0
ท่าเรือสุระกุล,SV,44.0,3.0
ท่าเรือสุระกุล,TA,47.78,3.0
ท่าเรือสุระกุล,VA,29.17,3.0
ท่าเรือสุระกุล,VC,0.0,3.0
สถานีขนส่งผู้โดยสารจังหวัดกระบี่,AA,50.0,3.0
สถานีขนส่งผู้โดยสารจังหวัดกระบี่,MA,72.04,3.0
สถานีขนส่งผู้โดยสารจังหวัดกระบี่,NH,53.33,3.0
สถานีขนส่งผู้โดยสารจังหวัดกระบี่,NW,79.0,3.0
สถานีขนส่งผู้โดยสารจังหวัดกระบี่,SF,87.14,3.0
สถานีขนส่งผู้โดยสารจังหวัดกระบี่,SK,0.0,3.0
สถานีขนส่งผู้โดยสารจังหวัดกระบี่,SV,30.0,3.0
สถานีขนส่งผู้โดยสารจังหวัดกระบี่,TA,48.8,3.0
สถานีขนส่งผู้โดยสารจังหวัดกระบี่,VA,53.96,3.0
สถานีขนส่งผู้โดยสารจังหวัดกระบี่,VC,0.0,3.0
สถานีขนส่งผู้โดยสารจังหวัดตรัง,AA,41.43,3.0
สถานีขนส่งผู้โดยสารจังหวัดตรัง,MA,64.78,3.0
สถานีขนส่งผู้โดยสารจังหวัดตรัง,NH,25.0,3.0
สถานีขนส่งผู้โดยสารจังหวัดตรัง,NW,74.34,3.0
สถานีขนส่งผู้โดยสารจังหวัดตรัง,SF,77.14,3.0
สถานีขนส่งผู้โดยสารจังหวัดตรัง,SK,0.0,3.0
สถานีขนส่งผู้โดยสารจังหวัดตรัง,SV,44.0,3.0
สถานีขนส่งผู้โดยสารจังหวัดตรัง,TA,45.19,3.0
สถานีขนส่งผู้โดยสารจังหวัดตรัง,VA,80.0,3.0
สถานีขนส่งผู้โดยสารจังหวัดตรัง,VC,0.0,3.0
สถานีขนส่งผู้โดยสารจังหวัดนครศรีธรรมราช,AA,45.45,3.0
สถานีขนส่งผู้โดยสารจังหวัดนครศรีธรรมราช,MA,69.66,3.0
สถานีขนส่งผู้โดยสารจังหวัดนครศรีธรรมราช,NH,85.0,3.0
สถานีขนส่งผู้โดยสารจังหวัดนครศรีธรรมราช,NW,59.11,3.0
สถานีขนส่งผู้โดยสารจังหวัดนครศรีธรรมราช,SF,86.0,3.0
สถานีขนส่งผู้โดยสารจังหวัดนครศรีธรรมราช,SK,0.0,3.0
สถานีขนส่งผู้โดยสารจังหวัดนครศรีธรรมราช,SV,44.0,3.0
สถานีขนส่งผู้โดยสารจังหวัดนครศรีธรรมราช,TA,44.33,3.0
สถานีขนส่งผู้โดยสารจังหวัดนครศรีธรรมราช,VA,52.89,3.0
สถานีขนส่งผู้โดยสารจังหวัดนครศรีธรรมราช,VC,0.0,3.0
สถานีขนส่งผู้โดยสารจังหวัดนราธิวาส,AA,50.0,3.0
สถานีขนส่งผู้โดยสารจังหวัดนราธิวาส,MA,65.85,3.0
สถานีขนส่งผู้โดยสารจังหวัดนราธิวาส,NH,45.0,3.0
สถานีขนส่งผู้โดยสารจังหวัดนราธิวาส,NW,84.62,3.0
สถานีขนส่งผู้โดยสารจังหวัดนราธิวาส,SF,86.67,3.0
สถานีขนส่งผู้โดยสารจังหวัดนราธิวาส,SK,0.0,3.0
สถานีขนส่งผู้โดยสารจังหวัดนราธิวาส,SV,44.0,3.0
สถานีขนส่งผู้โดยสารจังหวัดนราธิวาส,TA,51.47,3.0
สถานีขนส่งผู้โดยสารจังหวัดนราธิวาส,VA,58.85,3.0
สถานีขนส่งผู้โดยสารจังหวัดนราธิวาส,VC,0.0,3.0
สถานีขนส่งผู้โดยสารจังหวัดปัตตานี,AA,60.0,3.0
สถานีขนส่งผู้โดยสารจังหวัดปัตตานี,MA,66.32,3.0
สถานีขนส่งผู้โดยสารจังหวัดปัตตานี,NH,25.0,3.0
สถานีขนส่งผู้โดยสารจังหวัดปัตตานี,NW,80.48,3.0
สถานีขนส่งผู้โดยสารจังหวัดปัตตานี,SF,88.72,3.0
สถานีขนส่งผู้โดยสารจังหวัดปัตตานี,SK,0.0,3.0
สถานีขนส่งผู้โดยสารจังหวัดปัตตานี,SV,58.0,3.0
สถานีขนส่งผู้โดยสารจังหวัดปัตตานี,TA,50.73,3.0
สถานีขนส่งผู้โดยสารจังหวัดปัตตานี,VA,50.0,3.0
สถานีขนส่งผู้โดยสารจังหวัดปัตตานี,VC,0.0,3.0
สถานีขนส่งผู้โดยสารจังหวัดพังงา,AA,47.5,3.0
สถานีขนส่งผู้โดยสารจังหวัดพังงา,MA,77.32,3.0
สถานีขนส่งผู้โดยสารจังหวัดพังงา,NH,20.0,3.0
สถานีขนส่งผู้โดยสารจังหวัดพังงา,NW,77.71,3.0
สถานีขนส่งผู้โดยสารจังหวัดพังงา,SF,83.08,3.0
สถานีขนส่งผู้โดยสารจังหวัดพังงา,SK,0.0,3.0
สถานีขนส่งผู้โดยสารจังหวัดพังงา,SV,30.0,3.0
สถานีขนส่งผู้โดยสารจังหวัดพังงา,TA,62.65,3.0
สถานีขนส่งผู้โดยสารจังหวัดพังงา,VA,57.67,3.0
สถานีขนส่งผู้โดยสารจังหวัดพังงา,VC,0.0,3.0
สถานีขนส่งผู้โดยสารจังหวัดพัทลุง,AA,46.67,3.0
สถานีขนส่งผู้โดยสารจังหวัดพัทลุง,MA,75.65,3.0
สถานีขนส่งผู้โดยสารจังหวัดพัทลุง,NH,23.33,3.0
สถานีขนส่งผู้โดยสารจังหวัดพัทลุง,NW,73.12,3.0
สถานีขนส่งผู้โดยสารจังหวัดพัทลุง,SF,86.67,3.0
สถานีขนส่งผู้โดยสารจังหวัดพัทลุง,SK,0.0,3.0
สถานีขนส่งผู้โดยสารจังหวัดพัทลุง,SV,44.0,3.0
สถานีขนส่งผู้โดยสารจังหวัดพัทลุง,TA,42.76,3.0
สถานีขนส่งผู้โดยสารจังหวัดพัทลุง,VA,71.15,3.0
สถานีขนส่งผู้โดยสารจังหวัดพัทลุง,VC,0.0,3.0
สถานีขนส่งผู้โดยสารจังหวัดภูเก็ต แห่งที่ 2,AA,46.25,3.0
สถานีขนส่งผู้โดยสารจังหวัดภูเก็ต แห่งที่ 2,MA,77.81,3.0
สถานีขนส่งผู้โดยสารจังหวัดภูเก็ต แห่งที่ 2,NH,100.0,3.0
สถานีขนส่งผู้โดยสารจังหวัดภูเก็ต แห่งที่ 2,NW,76.4,3.0
สถานีขนส่งผู้โดยสารจังหวัดภูเก็ต แห่งที่ 2,SF,89.23,3.0
สถานีขนส่งผู้โดยสารจังหวัดภูเก็ต แห่งที่ 2,SK,0.0,3.0
สถานีขนส่งผู้โดยสารจังหวัดภูเก็ต แห่งที่ 2,SV,100.0,3.0
สถานีขนส่งผู้โดยสารจังหวัดภูเก็ต แห่งที่ 2,TA,48.82,3.0
สถานีขนส่งผู้โดยสารจังหวัดภูเก็ต แห่งที่ 2,VA,55.81,3.0
สถานีขนส่งผู้โดยสารจังหวัดภูเก็ต แห่งที่ 2,VC,0.0,3.0
สถานีขนส่งผู้โดยสารจังหวัดระนอง,AA,45.45,3.0
สถานีขนส่งผู้โดยสารจังหวัดระนอง,MA,77.38,3.0
สถานีขนส่งผู้โดยสารจังหวัดระนอง,NH,100.0,3.0
สถานีขนส่งผู้โดยสารจังหวัดระนอง,NW,75.14,3.0
สถานีขนส่งผู้โดยสารจังหวัดระนอง,SF,76.67,3.0
สถานีขนส่งผู้โดยสารจังหวัดระนอง,SK,0.0,3.0
สถานีขนส่งผู้โดยสารจังหวัดระนอง,SV,44.0,3.0
สถานีขนส่งผู้โดยสารจังหวัดระนอง,TA,42.96,3.0
สถานีขนส่งผู้โดยสารจังหวัดระนอง,VA,41.94,3.0
สถานีขนส่งผู้โดยสารจังหวัดระนอง,VC,0.0,3.0
สถานีขนส่งผู้โดยสารจังหวัดสุราษฎร์ธานี,AA,44.55,3.0
สถานีขนส่งผู้โดยสารจังหวัดสุราษฎร์ธานี,MA,75.57,3.0
สถานีขนส่งผู้โดยสารจังหวัดสุราษฎร์ธานี,NH,65.0,3.0
สถานีขนส่งผู้โดยสารจังหวัดสุราษฎร์ธานี,NW,72.21,3.0
สถานีขนส่งผู้โดยสารจังหวัดสุราษฎร์ธานี,SF,67.69,3.0
สถานีขนส่งผู้โดยสารจังหวัดสุราษฎร์ธานี,SK,0.0,3.0
สถานีขนส่งผู้โดยสารจังหวัดสุราษฎร์ธานี,SV,72.0,3.0
สถานีขนส่งผู้โดยสารจังหวัดสุราษฎร์ธานี,TA,51.82,3.0
สถานีขนส่งผู้โดยสารจังหวัดสุราษฎร์ธานี,VA,57.32,3.0
สถานีขนส่งผู้โดยสารจังหวัดสุราษฎร์ธานี,VC,0.0,3.0
สถานีขนส่งผู้โดยสารปฐมพร (บขส.ชุมพร),AA,41.67,3.0
สถานีขนส่งผู้โดยสารปฐมพร (บขส.ชุมพร),MA,75.0,3.0
สถานีขนส่งผู้โดยสารปฐมพร (บขส.ชุมพร),NH,60.0,3.0
สถานีขนส่งผู้โดยสารปฐมพร (บขส.ชุมพร),NW,70.56,3.0
สถานีขนส่งผู้โดยสารปฐมพร (บขส.ชุมพร),SF,78.95,3.0
สถานีขนส่งผู้โดยสารปฐมพร (บขส.ชุมพร),SK,0.0,3.0
สถานีขนส่งผู้โดยสารปฐมพร (บขส.ชุมพร),SV,44.0,3.0
สถานีขนส่งผู้โดยสารปฐมพร (บขส.ชุมพร),TA,40.87,3.0
สถานีขนส่งผู้โดยสารปฐมพร (บขส.ชุมพร),VA,60.53,3.0
สถานีขนส่งผู้โดยสารปฐมพร (บขส.ชุมพร),VC,0.0,3.0
สถานีขนส่งผู้โดยสารเทศบาลนครยะลา,AA,56.11,3.0
สถานีขนส่งผู้โดยสารเทศบาลนครยะลา,MA,61.46,3.0
สถานีขนส่งผู้โดยสารเทศบาลนครยะลา,NH,20.0,3.0
สถานีขนส่งผู้โดยสารเทศบาลนครยะลา,NW,75.12,3.0
สถานีขนส่งผู้โดยสารเทศบาลนครยะลา,SF,80.8,3.0
สถานีขนส่งผู้โดยสารเทศบาลนครยะลา,SK,0.0,3.0
สถานีขนส่งผู้โดยสารเทศบาลนครยะลา,SV,30.0,3.0
สถานีขนส่งผู้โดยสารเทศบาลนครยะลา,TA,40.0,3.0
สถานีขนส่งผู้โดยสารเทศบาลนครยะลา,VA,41.2,3.0
สถานีขนส่งผู้โดยสารเทศบาลนครยะลา,VC,0.0,3.0
สถานีขนส่งสตูล,AA,42.0,3.0
สถานีขนส่งสตูล,MA,72.37,3.0
สถานีขนส่งสตูล,NH,20.0,3.0
สถานีขนส่งสตูล,NW,76.72,3.0
สถานีขนส่งสตูล,SF,77.14,3.0
สถานีขนส่งสตูล,SK,0.0,3.0
สถานีขนส่งสตูล,SV,44.0,3.0
สถานีขนส่งสตูล,TA,57.73,3.0
สถานีขนส่งสตูล,VA,72.0,3.0
สถานีขนส่งสตูล,VC,0.0,3.0
สถานีขนส่งหาดใหญ่,AA,44.44,3.0
สถานีขนส่งหาดใหญ่,MA,78.18,3.0
สถานีขนส่งหาดใหญ่,NH,40.0,3.0
สถานีขนส่งหาดใหญ่,NW,57.24,3.0
สถานีขนส่งหาดใหญ่,SF,85.45,3.0
สถานีขนส่งหาดใหญ่,SK,0.0,3.0
สถานีขนส่งหาดใหญ่,SV,47.5,3.0
สถานีขนส่งหาดใหญ่,TA,38.46,3.0
สถานีขนส่งหาดใหญ่,VA,55.83,3.0
สถานีขนส่งหาดใหญ่,VC,0.0,3.0
สถานีรถไฟชุมทางทุ่งสง,AA,54.0,3.0
สถานีรถไฟชุมทางทุ่งสง,MA,72.98,3.0
สถานีรถไฟชุมทางทุ่งสง,NH,60.0,3.0
สถานีรถไฟชุมทางทุ่งสง,NW,74.5,3.0
สถานีรถไฟชุมทางทุ่งสง,SF,76.67,3.0
สถานีรถไฟชุมทางทุ่งสง,SK,0.0,3.0
สถานีรถไฟชุมทางทุ่งสง,SV,58.0,3.0
สถานีรถไฟชุมทางทุ่งสง,TA,52.65,3.0
สถานีรถไฟชุมทางทุ่งสง,VA,59.3,3.0
สถานีรถไฟชุมทางทุ่งสง,VC,0.0,3.0
สถานีรถไฟชุมทางหาดใหญ่,AA,72.5,3.0
สถานีรถไฟชุมทางหาดใหญ่,MA,79.05,3.0
สถานีรถไฟชุมทางหาดใหญ่,NH,65.0,3.0
สถานีรถไฟชุมทางหาดใหญ่,NW,76.75,3.0
สถานีรถไฟชุมทางหาดใหญ่,SF,79.12,3.0
สถานีรถไฟชุมทางหาดใหญ่,SK,0.0,3.0
สถานีรถไฟชุมทางหาดใหญ่,SV,44.0,3.0
สถานีรถไฟชุมทางหาดใหญ่,TA,50.31,3.0
สถานีรถไฟชุมทางหาดใหญ่,VA,53.44,3.0
สถานีรถไฟชุมทางหาดใหญ่,VC,0.0,3.0
สถานีรถไฟชุมพร,AA,56.67,3.0
สถานีรถไฟชุมพร,MA,69.8,3.0
สถานีรถไฟชุมพร,NH,41.43,3.0
สถานีรถไฟชุมพร,NW,55.1,3.0
สถานีรถไฟชุมพร,SF,78.6,3.0
สถานีรถไฟชุมพร,SK,0.0,3.0
สถานีรถไฟชุมพร,SV,44.0,3.0
สถานีรถไฟชุมพร,TA,47.06,3.0
สถานีรถไฟชุมพร,VA,49.13,3.0
สถานีรถไฟชุมพร,VC,0.0,3.0
สถานีรถไฟตรัง,AA,72.67,3.0
สถานีรถไฟตรัง,MA,81.96,3.0
สถานีรถไฟตรัง,NH,25.0,3.0
สถานีรถไฟตรัง,NW,75.08,3.0
สถานีรถไฟตรัง,SF,77.93,3.0
สถานีรถไฟตรัง,SK,0.0,3.0
สถานีรถไฟตรัง,SV,44.0,3.0
สถานีรถไฟตรัง,TA,52.08,3.0
สถานีรถไฟตรัง,VA,62.08,3.0
สถานีรถไฟตรัง,VC,0.0,3.0
สถานีรถไฟปัตตานี (โคกโพธิ์),AA,50.0,3.0
สถานีรถไฟปัตตานี (โคกโพธิ์),MA,67.22,3.0
สถานีรถไฟปัตตานี (โคกโพธิ์),NH,25.0,3.0
สถานีรถไฟปัตตานี (โคกโพธิ์),NW,67.83,3.0
สถานีรถไฟปัตตานี (โคกโพธิ์),SF,75.24,3.0
สถานีรถไฟปัตตานี (โคกโพธิ์),SK,0.0,3.0
สถานีรถไฟปัตตานี (โคกโพธิ์),SV,80.0,3.0
สถานีรถไฟปัตตานี (โคกโพธิ์),TA,48.33,3.0
สถานีรถไฟปัตตานี (โคกโพธิ์),VA,57.83,3.0
สถานีรถไฟปัตตานี (โคกโพธิ์),VC,0.0,3.0
สถานีรถไฟพัทลุง,AA,69.17,3.0
สถานีรถไฟพัทลุง,MA,81.38,3.0
สถานีรถไฟพัทลุง,NH,27.5,3.0
สถานีรถไฟพัทลุง,NW,80.24,3.0
สถานีรถไฟพัทลุง,SF,89.33,3.0
สถานีรถไฟพัทลุง,SK,0.0,3.0
สถานีรถไฟพัทลุง,SV,58.0,3.0
สถานีรถไฟพัทลุง,TA,59.2,3.0
สถานีรถไฟพัทลุง,VA,73.75,3.0
สถานีรถไฟพัทลุง,VC,0.0,3.0
สถานีรถไฟยะลา,AA,58.12,3.0
สถานีรถไฟยะลา,MA,62.35,3.0
สถานีรถไฟยะลา,NH,26.0,3.0
สถานีรถไฟยะลา,NW,61.0,3.0
สถานีรถไฟยะลา,SF,77.3,3.0
สถานีรถไฟยะลา,SK,0.0,3.0
สถานีรถไฟยะลา,SV,44.0,3.0
สถานีรถไฟยะลา,TA,34.69,3.0
สถานีรถไฟยะลา,VA,61.35,3.0
สถานีรถไฟยะลา,VC,0.0,3.0
สถานีรถไฟสุราษฎร์ธานี,AA,66.52,3.0
สถานีรถไฟสุราษฎร์ธานี,MA,73.46,3.0
สถานีรถไฟสุราษฎร์ธานี,NH,30.0,3.0
สถานีรถไฟสุราษฎร์ธานี,NW,72.03,3.0
สถานีรถไฟสุราษฎร์ธานี,SF,81.67,3.0
สถานีรถไฟสุราษฎร์ธานี,SK,0.0,3.0
สถานีรถไฟสุราษฎร์ธานี,SV,100.0,3.0
สถานีรถไฟสุราษฎร์ธานี,TA,49.06,3.0
สถานีรถไฟสุราษฎร์ธานี,VA,48.89,3.0
สถานีรถไฟสุราษฎร์ธานี,VC,0.0,3.0
สถานีรถไฟสุไหงโก-ลก,AA,76.0,3.0
สถานีรถไฟสุไหงโก-ลก,MA,75.76,3.0
สถานีรถไฟสุไหงโก-ลก,NH,66.0,3.0
สถานีรถไฟสุไหงโก-ลก,NW,73.42,3.0
สถานีรถไฟสุไหงโก-ลก,SF,56.92,3.0
สถานีรถไฟสุไหงโก-ลก,SK,0.0,3.0
สถานีรถไฟสุไหงโก-ลก,SV,57.5,3.0
สถานีรถไฟสุไหงโก-ลก,TA,41.03,3.0
สถานีรถไฟสุไหงโก-ลก,VA,54.63,3.0
สถานีรถไฟสุไหงโก-ลก,VC,0.0,3.0
