fid,Name_gmap,s_id,agency,name_th,name_en,stn_mode,stn_level,province,phase1,stn_id,description,subdistrict,district,region,acc_score,x,y
5,Krabi Airport,1,Department of Airports,ท่าอากาศยานกระบี่,Krabi Airport,airport,1,กระบี่,1,KBV,,,,south,,8.0992802,98.9831948
14,Krabi bus terminal,2,,สถานีขนส่งผู้โดยสารจังหวัดกระบี่,,bus,2,กระบี่,1,B001,,,,south,,8.0998704,98.9058539
264,,3,,ท่าเทียบเรือคงคา,Kong Ka Pier,ferry,1,กระบี่,0,p001,,,,south,,,
80,Laem Sak Pier ท่าเทียบเรือแหลมสัก,4,,ท่าเทียบเรือแหลมสัก,,ferry,2,กระบี่,0,p002,,,,south,,8.2852182,98.643383
81,สะพานท่าเทียบเรืออ่าวท่าเลน,5,,ท่าเทียบเรืออ่าวท่าเลน,,ferry,2,กระบี่,0,p003,,,,south,,8.1453139,98.7482758
78,ท่าเรือ เกาะศรีบอยา กระบี่ Koh Sriboya Krabi,6,,ท่าเรือ เกาะศรีบอยา,Koh Sriboya Krabi,ferry,3,กระบี่,,p004,,,,south,,7.8940978,98.9958028
79,Koh Pu Pier,7,,ท่าเรือเกาะปู,,ferry,3,กระบี่,,p005,,,,south,,7.8490339,98.9756075
57,Koh Phi Phi Tour Pier,8,,ท่าเรือเกาะพีพีทัวร์,,ferry,2,กระบี่,0,p006,,,,south,,8.0508979,98.7986467
68,Mook Island Piers,9,,ท่าเรือเกาะมุก,,ferry,3,กระบี่,,p007,,,,south,,7.3781768,99.3104648
55,Klong Jirad Pier,10,,ท่าเรือคลองจิหราด,,ferry,2,กระบี่,1,p008,,,,south,,8.0459083,98.9058673
42,Songserm Tran Service Company Limited,11,,ท่าเรือคลองหมาก,,ferry,2,กระบี่,0,p009,,,,south,,7.6825213,99.0900667
44,Nopparat Thara Pier,12,,ท่าเรือนพรัตน์ธารา,,ferry,2,กระบี่,0,p010,,,,south,,8.0474397,98.7986249
41,Hua Hin Pier,13,,ท่าเรือบ้านหัวหิน,,ferry,2,กระบี่,0,p011,,,,south,,7.6935801,99.0989062
265,,14,,ท่าเรือศาลาด่าน,Saladan pier,ferry,2,กระบี่,0,p012,,,,south,,,
56,Chao Fah Park Pier,15,,ท่าเรือสวนเจ้าฟ้า,,ferry,2,กระบี่,0,p013,,,,south,,8.0630289,98.9193012
77,ท่าเรือน้ำลึกกระบี่,16,,ท่าเรือน้ำลึกกระบี่,,harbor,1,กระบี่,,p063,,,,south,,8.052634,98.9022
1,Chumphon Airport,17,Department of Airports,ท่าอากาศยานชุมพร,Chumphon Airport,airport,1,ชุมพร,1,CJM,,,,south,,10.7144861,99.3587278
16,สถานีขนส่งผู้โดยสารปฐมพร จังหวัดชุมพร (Chumphon Bus Station),18,,สถานีขนส่งผู้โดยสารปฐมพร (บขส.ชุมพร),,bus,2,ชุมพร,1,B002,,,,south,,10.4869959,99.1206392
99,Koh Tao (Mae Haad Pier),19,เอกชน,ท่าเรือ แม่หาด เกาะเต่า,,ferry,1,ชุมพร,0,p014,,,,south,,10.08416,99.824123
45,ท่าเรือท่ายางชุมพร-เกาะเต่า,20,,ท่าเรือท่ายาง,,ferry,2,ชุมพร,0,p015,,,,south,,10.451224,99.217065
46,ท่าเรือลมพระยา,21,เอกชน,ท่าเรือทุ่งมะขามน้อย,Thung Makam Noi pier,ferry,1,ชุมพร,1,p016,,,,south,,10.3583753,99.2662816
98,Songserm Pier,22,เอกชน,ท่าเรือส่งเสริม เกาะเต่า,,ferry,2,ชุมพร,0,p017,,,,south,,10.0831082,99.8234231
48,Chumphon Provincial Administrative Organization Pier,23,รัฐ,ท่าเรืออบจ.ชุมพร,,ferry,2,ชุมพร,0,p018,"เป็นอาคาร 2 ชั้น รูปตัวยู มีพื้นที่ใช้สอยประมาณ 2,620 ตารางเมตร มีลานจอดรถขนาด 5,000 ตารางเมตร พื้นที่เทียบเรือประมาณ 40 เมตร กำแพงท่าเรือ 108 เมตร และจะขยายเพิ่มอีก126 เมตร รวมเป็น 234 เมตร สามารถจอดเรือท่องเที่ยวขนาดใหญ่ได้พร้อมกันไม่ต่ำกว่า 10 ลำ",,,south,,10.4408341,99.218192
105,คิวรถตู้ชุมพร-ปะทิว,24,,คิวรถตู้ชุมพร-ปะทิว,,local,1,ชุมพร,0,v003,,,,south,,10.4994601,99.1726439
103,วินรถตู้ ชุมพร-ท่าแซะ,25,,วินรถตู้ ชุมพร-ท่าแซะ,,local,1,ชุมพร,0,v006,,,,south,,10.4940352,99.1791956
131,Khao Chaiyarat,26,รฟท,สถานีรถไฟเขาไชยราช,Khao Chaiyarat,train,2,ชุมพร,0,4172,ธนบุรี - สุไหงโกลก,เขาไชยราช,ปะทิว,south,,10.9583753,99.3642468
147,Khao Pip,27,รฟท,สถานีรถไฟเขาปีบ,Khao Pip,train,ที่หยุดรถ,ชุมพร,,4197,ธนบุรี - สุไหงโกลก,ทุ่งตะไคร,ทุ่งตะโก,south,,10.1351551,99.1040906
146,เขาทุเรียน,28,รฟท,สถานีรถไฟเขาสวนทุเรียน,Khao Suan Thurian,train,3,ชุมพร,,4196,ธนบุรี - สุไหงโกลก,นาสัก,สวี,south,,10.1668,99.1058
152,Khlong Khanan,29,รฟท,สถานีรถไฟคลองขนาน,Khlong Khanan,train,3,ชุมพร,,4205,ธนบุรี - สุไหงโกลก,บ้านควน,หลังสวน,south,,9.8807576,99.0742567
134,Khlong Wang Chang,30,รฟท,สถานีรถไฟคลองวังช้าง,Khlong Wang Chang,train,3,ชุมพร,,4178,ธนบุรี - สุไหงโกลก,ชุมโค,ปะทิว,south,,10.7524,99.3347
150,Khuan Hin Mui,31,รฟท,สถานีรถไฟควนหินมุ้ย,Khuan Hin Mui,train,3,ชุมพร,,4201,ธนบุรี - สุไหงโกลก,นาขา,หลังสวน,south,,10.0098935,99.0912269
140,Chumphon Railway Station,32,รฟท,สถานีรถไฟชุมพร,Chumphon,train,1,ชุมพร,1,4186,ธนบุรี - สุไหงโกลก,ท่าตะเภา,เมืองชุมพร,south,,10.502997,99.175949
149,Tha Thong,33,รฟท,สถานีรถไฟท่าทอง,Tha Thong,train,ที่หยุดรถ,ชุมพร,,4200,ธนบุรี - สุไหงโกลก,ตะโก,ทุ่งตะโก,south,,10.0436506,99.0929176
142,Thung Kha,34,รฟท,สถานีรถไฟทุ่งคา,Thung Kha,train,3,ชุมพร,,4189,ธนบุรี - สุไหงโกลก,ทุ่งคา,เมืองชุมพร,south,,10.4025,99.1377
139,Na Cha-ang,35,รฟท,สถานีรถไฟนาชะอัง,Na Cha-ang,train,3,ชุมพร,,4184,ธนบุรี - สุไหงโกลก,นาชะอัง,เมืองชุมพร,south,,10.5367,99.2084
144,Ban Khron,36,รฟท,สถานีรถไฟบ้านครน,Ban Khron,train,ที่หยุดรถ,ชุมพร,,4192,ธนบุรี - สุไหงโกลก,ครน,สวี,south,,10.28331,99.0952962
136,Ban Khok Ma,37,รฟท,สถานีรถไฟบ้านคอกม้า,Ban Khok Ma,train,3,ชุมพร,,4181,ธนบุรี - สุไหงโกลก,บางสน,ปะทิว,south,,10.6525679,99.2740705
155,Ban Duat,38,รฟท,สถานีรถไฟบ้านดวด,Ban Duat,train,3,ชุมพร,,4210,ธนบุรี - สุไหงโกลก,สวนแตง,ละแม,south,,9.7186172,99.123792
133,Ban Sap Somboon,39,รฟท,สถานีรถไฟบ้านทรัพย์สมบูรณ์,Ban Sap Sombun,train,ที่หยุดรถ,ชุมพร,,4177,ธนบุรี - สุไหงโกลก,ชุมโค,ปะทิว,south,,10.8078924,99.348142
135,Pathiu Station,40,รฟท,สถานีรถไฟปะทิว,Pathio,train,1,ชุมพร,0,4179,ธนบุรี - สุไหงโกลก,ชุมโค,ปะทิว,south,,10.7112273,99.3162243
148,Pak Tako,41,รฟท,สถานีรถไฟปากตะโก,Pak Tako,train,2,ชุมพร,0,4199,ธนบุรี - สุไหงโกลก,ทุ่งตะไคร,ทุ่งตะโก,south,,10.0919101,99.102353
132,Map Amarit,42,รฟท,สถานีรถไฟมาบอำมฤต,Map Ammarit,train,2,ชุมพร,0,4175,ธนบุรี - สุไหงโกลก,ดอนยาง,ปะทิว,south,,10.867844,99.3432124
154,Lamae,43,รฟท,สถานีรถไฟละแม,Lamae,train,2,ชุมพร,0,4208,ธนบุรี - สุไหงโกลก,ละแม,ละแม,south,,9.7747602,99.1078519
143,Wisai,44,รฟท,สถานีรถไฟวิสัย,Wisai,train,3,ชุมพร,,4191,ธนบุรี - สุไหงโกลก,วิสัยเหนือ,เมืองชุมพร,south,,10.3281558,99.1117071
145,Sawi railway Station,45,รฟท,สถานีรถไฟสวี,Sawi,train,1,ชุมพร,0,4194,ธนบุรี - สุไหงโกลก,นาโพธิ์,สวี,south,,10.2363,99.1048
137,สถานีรถไฟสะพลี,46,รฟท,สถานีรถไฟสะพลี,Saphli,train,3,ชุมพร,,4182,ธนบุรี - สุไหงโกลก,สะพลี,ปะทิว,south,,10.6095689,99.2390009
141,สถานีรถไฟแสงแดด,47,รฟท,สถานีรถไฟแสงแดด,Saeng Daet,train,3,ชุมพร,,4187,ธนบุรี - สุไหงโกลก,ตากแดด,เมืองชุมพร,south,,10.4737252,99.1551446
138,Nong Nian,48,รฟท,สถานีรถไฟหนองเนียน,Nong Nian,train,ที่หยุดรถ,ชุมพร,,4183,ธนบุรี - สุไหงโกลก,นาชะอัง,เมืองชุมพร,south,,10.5566744,99.2148176
151,Lang Suan,49,รฟท,สถานีรถไฟหลังสวน,Lang Suan,train,1,ชุมพร,0,4203,ธนบุรี - สุไหงโกลก,หลังสวน,หลังสวน,south,,9.9492353,99.0764782
153,Hua Mat,50,รฟท,สถานีรถไฟหัวมาด,Hua Mat,train,ที่หยุดรถ,ชุมพร,,4206,ธนบุรี - สุไหงโกลก,ทุ่งหลวง,ละแม,south,,9.8324414,99.0841085
6,Trang Airport,51,Department of Airports,ท่าอากาศตรัง,Trang Airport,airport,1,ตรัง,1,TST,,,,south,,7.511479,99.61532
17,Trang Bus Terminal,52,,สถานีขนส่งตรัง,,bus,2,ตรัง,1,B003,,,,south,,7.5667802,99.6278764
70,ท่าเทียบเรือปากเมง,53,,ท่าเทียบเรือปากเมง,,ferry,2,ตรัง,1,p019,,,,south,,7.507745,99.31208
83,Kantang Pier Office,54,,ท่าเรือกันตัง,,ferry,2,ตรัง,0,p020,,,,south,,7.4101903,99.5088698
82,Ko Sukon,55,,ท่าเรือเกาะสุกร,,ferry,1,ตรัง,0,p021,,,,south,,7.0985107,99.5812575
69,Khuan Tung Ku Pier,56,,ท่าเรือควนดุ้งกู้,,ferry,2,ตรัง,0,p022,,,,south,,7.390563,99.351099
130,Kantang,57,รฟท,สถานีรถไฟกันตัง,KANTANG,train,1,ตรัง,0,4294,ทุ่งสง - กันตัง,กันตัง,กันตัง,south,,7.4108137,99.5146464
129,Trang,58,รฟท,สถานีรถไฟตรัง,Trang,train,1,ตรัง,1,4289,ทุ่งสง - กันตัง,ทับเที่ยง,เมืองตรัง,south,,7.55448,99.6046
128,Huai Yot,59,รฟท,สถานีรถไฟห้วยยอด,Huai Yot,train,2,ตรัง,0,4281,ทุ่งสง - กันตัง,ห้วยยอด,ห้วยยอด,south,,7.7860608,99.6380614
3,Nakhon Si Thammarat Airport,60,Department of Airports,ท่าอากาศยานนครศรีธรรมราช,Nakhon Si Thammarat Airport,airport,1,นครศรีธรรมราช,1,NST,,,,south,,8.540025,99.9399875
49,จุดจอดรถปรับอากาศปากพนัง-กรุงเทพฯ,61,,จุดจอดรถปรับอากาศปากพนัง-กรุงเทพฯ,,bus,1,นครศรีธรรมราช,0,B004,,,,south,,8.336356,100.201371
28,Bus passengers Thungsong,62,,สถานีขนส่งทุ่งสง,,bus,1,นครศรีธรรมราช,0,B005,,,,south,,8.1548295,99.671107
18,Nakhon Si Thammarat Bus Station,63,,สถานีขนส่งผู้โดยสารจังหวัดนครศรีธรรมราช,,bus,2,นครศรีธรรมราช,1,B006,,,,south,,8.4352857,99.9522837
29,สถานีขนส่งย่อย เทศบาลเมืองทุ่งสง,64,,สถานีขนส่งย่อยทุ่งสง,,bus,1,นครศรีธรรมราช,0,B007,,,,south,,8.1660842,99.6786111
181,Krabiat,65,รฟท,สถานีรถไฟกระเบียด,Krabiat,train,3,นครศรีธรรมราช,,4259,ธนบุรี - สุไหงโกลก,กะเปียด,ฉวาง,south,,8.5251991,99.4732123
127,Kapang,66,รฟท,สถานีรถไฟกะปาง,Kapang,train,ที่หยุดรถ,นครศรีธรรมราช,,4275,ทุ่งสง - กันตัง,ควนเมา,รัษฎา,south,,7.968335,99.6338159
185,Mamuang Son Ton,67,รฟท,สถานีรถไฟคลองกุย,Khlong Kui,train,ที่หยุดรถ,นครศรีธรรมราช,,4267,ธนบุรี - สุไหงโกลก,นาบอน,นาบอน,south,,8.39602,99.9457
188,Khlong Chang,68,รฟท,สถานีรถไฟคลองจัง,Khlong Chang,train,3,นครศรีธรรมราช,,4269,ธนบุรี - สุไหงโกลก,นาบอน,นาบอน,south,,8.2409075,99.6217464
184,Chawang,69,รฟท,สถานีรถไฟคลองจันดี,Khlong Chan Di,train,1,นครศรีธรรมราช,0,4264,ธนบุรี - สุไหงโกลก,จันดี,ฉวาง,south,,8.42065,99.5084
195,Khuan Nong Khwa,70,รฟท,สถานีรถไฟควนหนองคว้า,Khuan Nong Khwa,train,3,นครศรีธรรมราช,,4310,ธนบุรี - สุไหงโกลก,ควนหนองคว้า,จุฬาภรณ์,south,,8.10427,99.937
111,Khok Khram,71,รฟท,สถานีรถไฟโคกคราม,Khok Khram,train,3,นครศรีธรรมราช,,4303,ชุมทางเขาชุมทอง - นครศรีธรรมราช,เสาธง,ร่อนพิบูลย์,south,,8.2497283,99.9426296
183,Nakhon Si Thammarat,72,รฟท,สถานีรถไฟฉวาง,Chawang,train,2,นครศรีธรรมราช,0,4262,ธนบุรี - สุไหงโกลก,ฉวาง,ฉวาง,south,,8.440266,99.959737
192,Chong Khao,73,รฟท,สถานีรถไฟช่องเขา,Chong Khao,train,3,นครศรีธรรมราช,,4297,ธนบุรี - สุไหงโกลก,ร่อนพิบูลย์,ร่อนพิบูลย์,south,,8.14235,99.7691
198,Chauat Station,74,รฟท,สถานีรถไฟชะอวด,Cha-uat,train,2,นครศรีธรรมราช,0,4315,ธนบุรี - สุไหงโกลก,ชะอวด,ชะอวด,south,,7.9671273,99.9975993
108,Khao Chum Thong Junction,75,รฟท,สถานีรถไฟชุมทางเขาชุมทอง,KHAO CHUM THONG JUNCTION,train,3,นครศรีธรรมราช,,4300,ชุมทางเขาชุมทอง - นครศรีธรรมราช,ควนเกย,ร่อนพิบูลย์,south,,8.1479203,99.8821356
194,Khao Chum Thong Junction,76,รฟท,สถานีรถไฟชุมทางเขาชุมทอง,Khao Chum Thong Junction,train,3,นครศรีธรรมราช,,4300,ธนบุรี - สุไหงโกลก,ควนเกย,ร่อนพิบูลย์,south,,8.1479203,99.8821356
190,Thung Song Junction,77,รฟท,สถานีรถไฟชุมทางทุ่งสง,Thung Song Junction,train,1,นครศรีธรรมราช,1,4270,ธนบุรี - สุไหงโกลก,ปากแพรก,ทุ่งสง,south,,8.170674,99.679337
182,Thanpho Station,78,รฟท,สถานีรถไฟทานพอ,Tranpho,train,2,นครศรีธรรมราช,0,4261,ธนบุรี - สุไหงโกลก,ไม้เรียง,ฉวาง,south,,8.4671538,99.4917713
126,Thi Wang,79,รฟท,สถานีรถไฟที่วัง,Thi Wang,train,3,นครศรีธรรมราช,,4272,ทุ่งสง - กันตัง,ที่วัง,ทุ่งสง,south,,8.09784,99.668
116,Nakhon Si Thammarat,80,รฟท,สถานีรถไฟนครศรีธรรมราช,NAKHON SI THAMMARAT,train,1,นครศรีธรรมราช,0,4308,ชุมทางเขาชุมทอง - นครศรีธรรมราช,ท่าวัง,เมืองนครศรีธรรมราช,south,,8.440266,99.959737
187,Na Bon,81,รฟท,สถานีรถไฟนาบอน,Na Bon,train,2,นครศรีธรรมราช,0,4268,ธนบุรี - สุไหงโกลก,นาบอน,นาบอน,south,,8.2659654,99.5960676
109,Ban Koei Chen,82,รฟท,สถานีรถไฟบ้านเกยเชน,Ban Koei Chen,train,ที่หยุดรถ,นครศรีธรรมราช,,4301,ชุมทางเขาชุมทอง - นครศรีธรรมราช,ร่อนพิบูลย์,ร่อนพิบูลย์,south,,8.1868734,99.8989001
189,Ban Ko Pring,83,รฟท,สถานีรถไฟบ้านเกาะปริง,Ban Ko Pring,train,ที่หยุดรถ,นครศรีธรรมราช,,4433,ธนบุรี - สุไหงโกลก,หนองหงส์,ทุ่งสง,south,,8.213286,99.644959
202,Ban Khon Hat,84,รฟท,สถานีรถไฟบ้านขอนหาด,Ban Khon Hat,train,3,นครศรีธรรมราช,,4318,ธนบุรี - สุไหงโกลก,ขอดหาด,ชะอวด,south,,7.85516,100.029
201,Ban Trok Kea,85,รฟท,สถานีรถไฟบ้านตรอกแค,Ban Trok Kea,train,ป้ายหยุดรถ,นครศรีธรรมราช,,4435,ธนบุรี - สุไหงโกลก,ขอดหาด,ชะอวด,south,,7.8730642,100.0210967
196,Ban Tun,86,รฟท,สถานีรถไฟบ้านตูล,Ban Tun,train,3,นครศรีธรรมราช,,4311,ธนบุรี - สุไหงโกลก,บ้านตูล,ชะอวด,south,,8.06102,99.9612
113,Ban Tha Chang,87,รฟท,สถานีรถไฟบ้านท่าช้าง,Ban Tha Chang,train,ที่หยุดรถ,นครศรีธรรมราช,,4305,ชุมทางเขาชุมทอง - นครศรีธรรมราช,นาพรุ,พระพรหม,south,,8.337207,99.9411629
197,บ้านทุ่งค่าย,88,รฟท,สถานีรถไฟบ้านทุ่งค่าย,ฺBan Tung khaj,train,ที่หยุดรถ,นครศรีธรรมราช,,4313,ธนบุรี - สุไหงโกลก,ชะอวด,ชะอวด,south,,8.0142613,99.9772283
110,Ban Thung Lo,89,รฟท,สถานีรถไฟบ้านทุ่งหล่อ,Ban Thung Lo,train,3,นครศรีธรรมราช,,4302,ชุมทางเขาชุมทอง - นครศรีธรรมราช,ทางพูน,เฉลิมพระเกียรติ,south,,8.2222194,99.921551
200,Ban Nang Long,90,รฟท,สถานีรถไฟบ้านนางหลง,Ban Nang Long,train,3,นครศรีธรรมราช,,4317,ธนบุรี - สุไหงโกลก,นางหลง,ชะอวด,south,,7.90158,100.012
112,Ban Huai Yoong,91,รฟท,สถานีรถไฟบ้านห้วยยูง,Ban Huai Yoong,train,ป้ายหยุดรถ,นครศรีธรรมราช,,4304,ชุมทางเขาชุมทอง - นครศรีธรรมราช,ท้ายสำเภา,พระพรหม,south,,8.2821501,99.9431377
115,Mamuang Son Ton,92,รฟท,สถานีรถไฟมะม่วงสองต้น,Mamuang Son Ton,train,ที่หยุดรถ,นครศรีธรรมราช,,4307,ชุมทางเขาชุมทอง - นครศรีธรรมราช,มะม่วงสองต้น,เมืองนครศรีธรรมราช,south,,8.39602,99.9457
193,Ron Phibun,93,รฟท,สถานีรถไฟร่อนพิบูลย์,Ron Phibun,train,2,นครศรีธรรมราช,0,4299,ธนบุรี - สุไหงโกลก,ร่อนพิบูลย์,ร่อนพิบูลย์,south,,8.1541953,99.8407019
114,Wang Wua,94,รฟท,สถานีรถไฟวังวัว,Wang Wua,train,ที่หยุดรถ,นครศรีธรรมราช,,4306,ชุมทางเขาชุมทอง - นครศรีธรรมราช,นาสาร,พระพรหม,south,,8.35605,99.9403
191,Sai Yai,95,รฟท,สถานีรถไฟใสใหญ่,Sai Yai,train,3,นครศรีธรรมราช,,4295,ธนบุรี - สุไหงโกลก,ถ้ำใหญ่,ทุ่งสง,south,,8.1603919,99.7214778
199,Nong Jik,96,รฟท,สถานีรถไฟหนองจิก,Nong Jik,train,ป้ายหยุดรถ,นครศรีธรรมราช,,4316,ธนบุรี - สุไหงโกลก,นางหลง,ชะอวด,south,,7.9207266,100.0076949
186,Khlong Chan Di,97,รฟท,สถานีรถไฟหลักช้าง,Lak Chang,train,3,นครศรีธรรมราช,,4266,ธนบุรี - สุไหงโกลก,หลกช้าง,ช้างกลาง,south,,8.382,99.54
180,Huai Prik,98,รฟท,สถานีรถไฟห้วยปริก,Huai Prik,train,3,นครศรีธรรมราช,,4258,ธนบุรี - สุไหงโกลก,ห้วยปริก,ฉวาง,south,,8.56871,99.4566
9,Narathiwat Airport,99,Department of Airports,ท่าอากาศยานนราธิวาส,Narathiwat Airport,airport,1,นราธิวาส,1,NAW,,,,south,,6.5231381,101.7487246
35,Bus station in Narathiwat,100,,สถานีขนส่งนราธิวาส,,bus,2,นราธิวาส,1,B008,,,,south,,6.4108938,101.8261222
13,Sungai Kolok District Bus Terminal,101,,สถานีขนส่งสุไหงโกลก,,bus,1,นราธิวาส,0,B009,,,,south,,6.0219679,101.9500183
25,Sungai Kolok District Bus Terminal,102,,สถานีขนส่งสุไหงโกลก,,bus,1,นราธิวาส,0,B010,,,,south,,6.0219679,101.9500183
92,ท่าเทียบเรือประมงนราธิวาส,103,,ท่าเทียบเรือประมงนราธิวาส,,harbor,0,นราธิวาส,,p064,,,,south,,6.4244849,101.8342364
249,กะแด๊ะ,104,รฟท,สถานีรถไฟกะแด๊ะ,Kadae,train,ที่หยุดรถ,นราธิวาส,,4417,ธนบุรี - สุไหงโกลก,เฉลิม,ระแงะ,south,,6.3123907,101.6727935
257,Khok Saya,105,รฟท,สถานีรถไฟโคกสยา,Khok Saya,train,ที่หยุดรถ,นราธิวาส,,4430,ธนบุรี - สุไหงโกลก,ปะลุรู,สุไหงปาดี,south,,6.0334688,101.9173231
252,Cho Ai Rang,106,รฟท,สถานีรถไฟเจาะไอร้อง,Cho Ai Rang,train,2,นราธิวาส,0,4423,ธนบุรี - สุไหงโกลก,จวบ,เจาะไอร้อง,south,,6.23587,101.801
250,Tan Yong Mat,107,รฟท,สถานีรถไฟตันหยงมัส,Tanyong Mat,train,1,นราธิวาส,0,4419,ธนบุรี - สุไหงโกลก,ตันหยงมัส,ระแงะ,south,,6.2925184,101.7138425
255,To Deng,108,รฟท,สถานีรถไฟโต๊ะเด็ง,To Deng,train,3,นราธิวาส,,4427,ธนบุรี - สุไหงโกลก,โต๊ะเด็ง,สุไหงปาดี,south,,6.1190828,101.8583327
246,Ban Salo Bukit Yuaerae,109,รฟท,สถานีรถไฟบ้านสะโลว์บูกิ๊ตยือแร,Ban Salo Bukit Yuaerae,train,ที่หยุดรถ,นราธิวาส,,4412,ธนบุรี - สุไหงโกลก,รือเสาะ,รือเสาะ,south,,6.3607057,101.5385688
253,Bukit,110,รฟท,สถานีรถไฟบูกิต,Bukit,train,3,นราธิวาส,,4424,ธนบุรี - สุไหงโกลก,บูกิต,เจาะไอร้อง,south,,6.19828,101.819
251,Pa Phai,111,รฟท,สถานีรถไฟป่าไผ่,Pa Phai,train,3,นราธิวาส,,4421,ธนบุรี - สุไหงโกลก,ตันหยงลิมอ,ระแงะ,south,,6.26726,101.76
248,Marubo,112,รฟท,สถานีรถไฟมะรือโบ,Marubo,train,2,นราธิวาส,0,4416,ธนบุรี - สุไหงโกลก,มะรือโบตก,ระแงะ,south,,6.33481,101.639
245,Rueso Station,113,รฟท,สถานีรถไฟรือเสาะ,Ruso,train,2,นราธิวาส,0,4411,ธนบุรี - สุไหงโกลก,รือเสาะ,รือเสาะ,south,,6.3939614,101.5152554
247,Lalo,114,รฟท,สถานีรถไฟลาโละ,Lalo,train,3,นราธิวาส,,4414,ธนบุรี - สุไหงโกลก,ลาโละ,รือเสาะ,south,,6.35539,101.579
258,Sungai Kolok,115,รฟท,สถานีรถไฟสุไหงโก-ลก,SU-NGAI KOLOK,train,1,นราธิวาส,1,4432,ธนบุรี - สุไหงโกลก,สุไหงโก-ลก,สุไหงโก-ลก,south,,6.02571,101.963
256,Sungai Padi,116,รฟท,สถานีรถไฟสุไหงปาดี,Sungai Padi,train,1,นราธิวาส,0,4428,ธนบุรี - สุไหงโกลก,ปะลุรู,สุไหงปาดี,south,,6.08589,101.881
254,Ai Satia,117,รฟท,สถานีรถไฟไอสะเตีย,Ai Satia,train,ที่หยุดรถ,นราธิวาส,,4425,ธนบุรี - สุไหงโกลก,บูกิต,เจาะไอร้อง,south,,6.16647,101.832
12,Pattani Airport,118,Department of Airports,ท่าอากาศยานปัตตานี,Pattani Airport,airport,1,ปัตตานี,1,PAN,,,,south,,6.785028,101.147916
19,Pattani Provincial Transport Station,119,,สถานีขนส่งปัตตานี,,bus,2,ปัตตานี,1,B011,,,,south,,6.8623389,101.2696499
,,120,,ท่าเทียบเรือหลักเมือง,,ferry,1,ปัตตานี,1,p023,,,,south,,,
90,Na Thap,121,,ท่าเรือนาทับ,,ferry,1,ปัตตานี,0,p024,,,,south,,7.0148682,100.6976492
91,ท่าเทียบเรือประมงปัตตานี,122,,ท่าเรือปัตตานี,,harbor,0,ปัตตานี,,p065,ท่าเรือประมง,,,south,,6.8783203,101.2693842
238,Khlong Sai,123,รฟท,สถานีรถไฟคลองทราย,Khlong Sai,train,3,ปัตตานี,,4399,ธนบุรี - สุไหงโกลก,แม่ลาน,แม่ลาน,south,,6.64462,101.218
235,Na Pradu,124,รฟท,สถานีรถไฟนาประดู่,Na Pradu,train,2,ปัตตานี,0,4397,ธนบุรี - สุไหงโกลก,นาประดู่,โคกโพธิ์,south,,6.6830327,101.1433103
233,Ban Nikhom,125,รฟท,สถานีรถไฟบ้านนิคม,Ban Nikhom,train,ที่หยุดรถ,ปัตตานี,,4394,ธนบุรี - สุไหงโกลก,โคกโพธิ์,โคกโพธิ์,south,,6.7602421,101.0499944
234,Pattani,126,รฟท,สถานีรถไฟปัตตานี (โคกโพธิ์),Pattani (Khok Pho),train,1,ปัตตานี,1,4395,ธนบุรี - สุไหงโกลก,โคกโพธิ์,โคกโพธิ์,south,,6.72947,101.094
237,Pa Rai,127,รฟท,สถานีรถไฟป่าไร่,Pa Rai,train,ที่หยุดรถ,ปัตตานี,,4398,ธนบุรี - สุไหงโกลก,ทุ่งพลา,โคกโพธิ์,south,,6.659706,101.186225
236,Buddhas,128,รฟท,สถานีรถไฟวัดช้างไห้,Wat Chang Hai,train,ป้ายหยุดรถ,ปัตตานี,,4437,ธนบุรี - สุไหงโกลก,ควนโนรี,โคกโพธิ์,south,,6.66738,101.17
20,Bus Terminal Khokkloy,129,,สถานีขนส่งโคกลอย,,bus,1,พังงา,0,B012,,,,south,,8.2464729,98.2982183
,,130,,สถานีขนส่งผู้โดยสารจังหวัดพังงา,,bus,1,พังงา,1,B013,,,,,,8.432091,98.522783
30,สถานีเดินรถตะกั่วป่า,131,,สถานีขนส่งตะกั่วป่า,,bus,1,พังงา,0,B014,,,,south,,8.8708721,98.3508066
86,ท่าเทียบเรือ บ้านแหลมใหญ่,132,,ท่าเทียบเรือ บ้านแหลมใหญ่,,ferry,3,พังงา,,p025,,,,south,,7.9931699,98.5710163
61,Klong Hia Pier,133,,ท่าเรือคลองเหีย,,ferry,3,พังงา,,p026,,,,south,,8.0848879,98.5638165
60,ท่าเรือคุระบุรี,134,,ท่าเรือคุระบุรี,,ferry,2,พังงา,0,p027,พังงา - เกาะสุรินทร์,,,south,,9.2267674,98.3736845
63,ท่าเรือช่องหลาด,135,,ท่าเรือช่องหลาด,,ferry,3,พังงา,,p028,,,,south,,8.0792549,98.586195
65,ท่าเรือด่านศุลกากรพังงา ( Harbor Phang-nga Bay),136,,ท่าเรือด่านศุลกากรพังงา,,ferry,2,พังงา,1,p029,,,,south,,8.3963956,98.5146159
58,Thap Lamu Pier,137,,ท่าเรือทับละมุ,,ferry,2,พังงา,0,p030,,,,south,,8.5701299,98.2232435
62,Manoh Pier,138,,ท่าเรือท่ามะเนาะ,,ferry,3,พังงา,,p031,,,,south,,8.0934826,98.5873004
66,ท่าเรือบ้านท่าด่าน,139,,ท่าเรือบ้านท่าด่าน,,ferry,2,พังงา,0,p034,,,,south,,8.4033887,98.5119522
59,Love Andaman Pier,140,เอกชน,ท่าเรือเลิฟ อันดามัน,,ferry,1,พังงา,0,p032,,,,south,,8.569404,98.223845
87,Loh Jak Pier,141,,ท่าเรือโล๊ะจาก,,ferry,3,พังงา,,p033,,,,south,,7.9325311,98.573147
21,Phatthalung Transport Station,142,,สถานีขนส่งพัทลุง,,bus,2,พัทลุง,1,B015,,,,south,,7.6322079,100.0472619
213,Khao Chaison,143,รฟท,สถานีรถไฟเขาชัยสน,Khao Chaison,train,2,พัทลุง,0,4330,ธนบุรี - สุไหงโกลก,เขาชัยสน,เขาชัยสน,south,,7.4597904,100.1403008
216,Khuan Khiam,144,รฟท,สถานีรถไฟควนเคี่ยม,Khuan Khiam,train,3,พัทลุง,,4334,ธนบุรี - สุไหงโกลก,ฝาละมี,ปากพะยูน,south,,7.3473126,100.2310507
215,Khuan Phra,145,รฟท,สถานีรถไฟควนพระ,Khuan Phra,train,ที่หยุดรถ,พัทลุง,,4333,ธนบุรี - สุไหงโกลก,ฝาละมี,ปากพะยูน,south,,7.3762776,100.2014787
220,Khok Sai,146,รฟท,สถานีรถไฟโคกทราย,Khok Sai,train,3,พัทลุง,,4338,ธนบุรี - สุไหงโกลก,ดอนทราย,ปากพะยูน,south,,7.23788,100.312
207,Chai Buri,147,รฟท,สถานีรถไฟชัยบุรี,Chai Buri,train,ที่หยุดรถ,พัทลุง,,4324,ธนบุรี - สุไหงโกลก,ชัยบุรี,เมืองพัทลุง,south,,7.6695393,100.0805126
209,Na Pru,148,รฟท,สถานีรถไฟนาปรือ,Na Pru,train,ที่หยุดรถ,พัทลุง,,4326,ธนบุรี - สุไหงโกลก,ควนมะพร้าว,เมืองพัทลุง,south,,7.5941217,100.0933182
214,Bang Kaeo,149,รฟท,สถานีรถไฟบางแก้ว,Bang Kaeo,train,2,พัทลุง,0,4331,ธนบุรี - สุไหงโกลก,ท่ามะเดื่อ,บางแก้ว,south,,7.42203,100.167
210,Ban Khai Thai,150,รฟท,สถานีรถไฟบ้านค่ายไทย,Ban Khai Thai,train,ป้ายหยุดรถ,พัทลุง,,4327,ธนบุรี - สุไหงโกลก,ตำนาน,เมืองพัทลุง,south,,7.5580875,100.1025517
211,Ban Ton Don,151,รฟท,สถานีรถไฟบ้านต้นโดน,Ban Ton Don,train,3,พัทลุง,,4328,ธนบุรี - สุไหงโกลก,หานโพธิ์,เขาชัยสน,south,,7.53114,100.11
206,Ban Makok Tai,152,รฟท,สถานีรถไฟบ้านมะกอกใต้,Ban Makok Tai,train,ที่หยุดรถ,พัทลุง,,4323,ธนบุรี - สุไหงโกลก,มะกอกเหนือ,ควนขนุน,south,,7.7126088,100.0782457
204,Ban Suntara,153,รฟท,สถานีรถไฟบ้านสุนทรา,Ban Suntara,train,ที่หยุดรถ,พัทลุง,,4320,ธนบุรี - สุไหงโกลก,ปันแต,ควนขนุน,south,,7.7857797,100.0602412
212,Ban Huai Tan,154,รฟท,สถานีรถไฟบ้านห้วยแตน,Ban Huai Tan,train,ป้ายหยุดรถ,พัทลุง,,4329,ธนบุรี - สุไหงโกลก,หานโพธิ์,เขาชัยสน,south,,7.5050616,100.1163954
205,Pak Khlong,155,รฟท,สถานีรถไฟปากคลอง,Pak Khlong,train,2,พัทลุง,0,4321,ธนบุรี - สุไหงโกลก,มะกอกเหนือ,ควนขนุน,south,,7.737112,100.0768314
208,Phatthalung,156,รฟท,สถานีรถไฟพัทลุง,Phattalung,train,1,พัทลุง,1,4325,ธนบุรี - สุไหงโกลก,คูหาสวรรค์,เมืองพัทลุง,south,,7.620982,100.0856112
219,Wat Khuan Phayer,157,รฟท,สถานีรถไฟวัดควนเผยอ,Wat Khuan Phayoe,train,ป้ายหยุดรถ,พัทลุง,,4337,ธนบุรี - สุไหงโกลก,ดอนประดู่,ปากพะยูน,south,,7.2593468,100.2995857
217,Han Kong,158,รฟท,สถานีรถไฟหารกง,Han Kong,train,ป้ายหยุดรถ,พัทลุง,,4335,ธนบุรี - สุไหงโกลก,ฝาละมี,ปากพะยูน,south,,7.3153362,100.2524053
218,Hanthao,159,รฟท,สถานีรถไฟหารเทา,Hanthao,train,2,พัทลุง,0,4336,ธนบุรี - สุไหงโกลก,หารเทา,ปากพะยูน,south,,7.2932913,100.2721259
203,Laem Tanot,160,รฟท,สถานีรถไฟแหลมโตนด,Laem Tanot,train,3,พัทลุง,,4319,ธนบุรี - สุไหงโกลก,แหลมโตนด,ควนขนุน,south,,7.81333,100.047
4,Phuket International Airport,161,AOT,ท่าอากาศยานนานาชาติภูเก็ต,Phuket International Airport,airport,2,ภูเก็ต,1,HKT,,,,south,,8.1110951,98.3064646
22,Bus Station # 2 Phuket province,162,,สถานีขนส่งผู้โดยสารจังหวัดภูเก็ต แห่งที่ 2,,bus,2,ภูเก็ต,1,B016,,,,south,,7.9178428,98.394939
88,ท่าเทียบเรือป่าหล่าย,164,,ท่าเทียบเรือป่าหล่าย,,ferry,1,ภูเก็ต,0,p035,,,,south,,7.8363139,98.3660204
64,Bang Rong Pier,165,,ท่าเรือบางโรง,Bang Rong Pier,ferry,2,ภูเก็ต,0,p036,,,,south,,8.049516,98.41588
51,Rassada Harbor,166,,ท่าเรือรัษฎา,Rassada Harbor,ferry,2,ภูเก็ต,1,p037,,,,south,,7.8712791,98.4143437
50,Ao Chalong pier,167,,ท่าเรืออ่าวฉลอง,,ferry,2,ภูเก็ต,0,p038,,,,south,,7.8194884,98.3500352
52,Ao Po Pier,168,,ท่าเรืออ่าวปอ,,ferry,2,ภูเก็ต,0,p039,,,,south,,8.0615526,98.4321245
7,Betong Airport,169,,ท่าอากาศยานเบตง,Betong Airport,airport,1,ยะลา,1,BTN,,,,south,,5.7859551,101.1475264
24,Yala Bus Terminal,170,,สถานีขนส่งยะลา,,bus,2,ยะลา,1,B018,,,,south,,6.5559716,101.2682503
239,Tase,171,รฟท,สถานีรถไฟตาเซะ,Tase,train,3,ยะลา,,4400,ธนบุรี - สุไหงโกลก,ตาเซะ,เมืองยะลา,south,,6.614653,101.2580189
242,Ban Patae,172,รฟท,สถานีรถไฟบ้านปาแต,Ban Patae,train,ที่หยุดรถ,ยะลา,,4406,ธนบุรี - สุไหงโกลก,กาตอตือร๊ะ,รามัน,south,,6.4979071,101.3933578
244,Balo Railway Station,173,รฟท,สถานีรถไฟบาลอ,Balo,train,3,ยะลา,,4409,ธนบุรี - สุไหงโกลก,บาลอ,รามัน,south,,6.441216,101.457581
241,Mai Kaen,174,รฟท,สถานีรถไฟไม้แก่น,Mai Kaen,train,3,ยะลา,,4405,ธนบุรี - สุไหงโกลก,วังพญา,รามัน,south,,6.51181,101.368
240,Yala Railway Station,175,รฟท,สถานีรถไฟยะลา,Yala,train,1,ยะลา,1,4402,ธนบุรี - สุไหงโกลก,สะเตง,เมืองยะลา,south,,6.5604677,101.2928202
243,Raman,176,รฟท,สถานีรถไฟรามัน,Raman,train,2,ยะลา,0,4408,ธนบุรี - สุไหงโกลก,กายูบอเกาะ,รามัน,south,,6.4768569,101.4321078
10,Ranong Airport,177,Department of Airports,ท่าอากาศยานระนอง,Ranong Airport,airport,1,ระนอง,1,UNN,,,,south,,9.7738931,98.5871261
32,Ranong Provincial Transport Station,178,,สถานีขนส่งผู้โดยสารจังหวัดระนอง,,bus,2,ระนอง,1,B019,,,,south,,9.9548572,98.6387998
89,ท่าเทียบเรือท่าต้นสน,179,เอกชน,ท่าเทียบเรือท่าต้นสน,,ferry,0,ระนอง,,p040,,,,south,,9.8336443,98.5849434
76,ท่าเทียบเรือศุลกากร ระนอง,180,,ท่าเทียบเรือศุลกากร ระนอง,,ferry,2,ระนอง,1,p041,เพื่อการท่องเที่ยว,,,south,,9.9814236,98.6001052
71,Ko Phayam Harbor,181,,ท่าเรือเกาะพยาม,,ferry,3,ระนอง,,p042,,,,south,,9.740568,98.421367
75,ท่าเรือบดินทร์,182,เอกชน,ท่าเรือบดินทร์,,ferry,2,ระนอง,0,p044,,,,south,,9.9796062,98.5963173
72,Ranong Pier (to Koh Chang and Koh Payam),183,,ท่าเรือระนอง,,ferry,2,ระนอง,0,p043,,,,south,,9.9476257,98.5988174
74,ท่าเรืออเนกประสงค์จังหวัดระนอง,184,กรมเจ้าท่า,ท่าเรือระนอง,Ranong Port,harbor,0,ระนอง,,p066,,,,south,,10.006406,98.609813
73,Saphan Pla sPier,185,,ท่าเรือสะพานปลา ระนอง,,harbor,0,ระนอง,,p067,ประมง,,,south,,9.9480467,98.5948585
262,,186,รฟท,สถานีรถไฟปาดังเบซาร์,Padang Besar,train,0,รัฐปะลิส(ประเทศมาเลเซีย),,4374,หาดใหญ่ - ปาดังเบซาร์,ปาดังเบซาร์,ปาดังเบซาร์,south,,,
11,Hat Yai International Airport,187,AOT,ท่าอากาศยานหาดใหญ่,Hat Yai International Airport,airport,2,สงขลา,1,HDY,,,,south,,6.9362161,100.3937206
36,Songkhla,188,,สถานีขนส่งสงขลา,,bus,1,สงขลา,0,B020,,,,south,,7.1855609,100.5934728
27,Hat Yai Bus Station,189,,สถานีขนส่งหาดใหญ่,,bus,2,สงขลา,1,B021,,,,south,,6.9946619,100.4819501
40,Songkhla Car Ferry Port,190,,ท่าเรือข้ามฟาก สงขลา ฝั่งสงขลา,,ferry,2,สงขลา,1,p045,,,,south,,7.2180985,100.5799624
39,Songkhla Lake Car Ferry,191,,ท่าเรือข้ามฟากสงขลา ฝั่งหัวเขาแดง,,ferry,2,สงขลา,1,p046,,,,south,,7.2209686,100.5748434
230,Ko Saba,192,รฟท,สถานีรถไฟเกาะสะบ้า,Ko Saba,train,2,สงขลา,0,4388,ธนบุรี - สุไหงโกลก,เกาะสะบ้า,เทพา,south,,6.8640528,100.878992
260,Khlong Ngae Station,193,รฟท,สถานีรถไฟคลองแงะ,Khlong Ngae,train,1,สงขลา,0,4368,หาดใหญ่ - ปาดังเบซาร์,พังลา,สะเดา,south,,6.7910129,100.4526242
221,Khuan Niang,194,รฟท,สถานีรถไฟควนเนียง,Khuan Niang,train,2,สงขลา,0,4340,ธนบุรี - สุไหงโกลก,รัตภูมิ,ควนเนียง,south,,7.1923632,100.3504053
228,Chana,195,รฟท,สถานีรถไฟจะนะ,Chana,train,2,สงขลา,0,4384,ธนบุรี - สุไหงโกลก,บ้านนา,จะนะ,south,,6.9091136,100.7400537
225,Haadyai Station,196,รฟท,สถานีรถไฟชุมทางหาดใหญ่,Hat Yai Junction,train,1,สงขลา,1,4347,ธนบุรี - สุไหงโกลก,หาดใหญ่,หาดใหญ่,south,,7.003904,100.467676
259,Haadyai Station,197,รฟท,สถานีรถไฟชุมทางหาดใหญ่,Hat Yai Junction,train,1,สงขลา,0,4347,หาดใหญ่ - ปาดังเบซาร์,หาดใหญ่,หาดใหญ่,south,,7.003904,100.467676
232,Ta Paet,198,รฟท,สถานีรถไฟตาแปด,Ta Paet,train,3,สงขลา,,4393,ธนบุรี - สุไหงโกลก,ท่าม่วง,เทพา,south,,6.77999,101.027
229,Tha Maenglak,199,รฟท,สถานีรถไฟท่าแมงลัก,Tha Maenglak,train,3,สงขลา,,4386,ธนบุรี - สุไหงโกลก,สะกอม,เทพา,south,,6.89086,100.806
231,Thepha,200,รฟท,สถานีรถไฟเทพา,Thepha,train,2,สงขลา,0,4391,ธนบุรี - สุไหงโกลก,เทพา,เทพา,south,,6.82389,100.97
226,Wat Khuan Mit,201,รฟท,สถานีรถไฟนาม่วง,Na Muang,train,2,สงขลา,0,4377,ธนบุรี - สุไหงโกลก,พิจิตร,นาหม่อม,south,,6.9720585,100.6663437
223,Bang Klam,202,รฟท,สถานีรถไฟบางกล่ำ,Bang Klam,train,2,สงขลา,0,4344,ธนบุรี - สุไหงโกลก,บางกล่ำ,บางกล่ำ,south,,7.0876243,100.415606
222,Ban Ko Yai,203,รฟท,สถานีรถไฟบ้านเกาะใหญ่,Ban Ko Yai,train,3,สงขลา,,4342,ธนบุรี - สุไหงโกลก,บางเหรียง,ควนเนียง,south,,7.14595,100.385
224,Ban Din Lan,204,รฟท,สถานีรถไฟบ้านดินลาน,Ban Din Lan,train,3,สงขลา,,4345,ธนบุรี - สุไหงโกลก,ท่าช้าง,บางกล่ำ,south,,7.0475676,100.4325639
261,Padang Besar railway station (Thailand).,205,รฟท,สถานีรถไฟปาดังเบซาร์ (ไทย),Pa dang Besar (Thai),train,1,สงขลา,0,-,หาดใหญ่ - ปาดังเบซาร์,ปาดังเบซาร์,สะเดา,south,,6.6688632,100.3243915
227,Na Muang,206,รฟท,สถานีรถไฟวัดควนมีด,Wat Khuan Mit,train,3,สงขลา,,4381,ธนบุรี - สุไหงโกลก,คลองเปียะ,จะนะ,south,,6.96555,100.555
85,ท่าเรือเกาะตะรุเตา,207,,ท่าเรือเกาะตะรุเตา,,ferry,3,สตูล,0,p047,,,เมืองสตูล,south,,6.7037082,99.6462085
67,Koh Lipe Pier,208,,ท่าเรือเกาะหลีเป๊ะ,Koh Lipe Pier,ferry,3,สตูล,0,p048,,,เมืองสตูล,south,,6.4868986,99.3032178
54,Tammalang Pier,209,,ท่าเรือตำมะลัง,,ferry,2,สตูล,0,p049,สตูล - ลังกาวี,,เมืองสตูล,south,,6.5331682,100.0695073
84,Thung Wa Pier,210,,ท่าเรือทุ้งหว้า,,ferry,2,สตูล,0,p050,,,,south,,7.1073916,99.7475033
53,Pak Bara Pier,211,,ท่าเรือปากบารา,,ferry,2,สตูล,1,p051,"ปากบารา - เกาะตะรุเตา,ปากบารา - หลีเป๊ะ",,ละงู,south,,6.8603952,99.7216042
,Satun Bus Station,212,,สถานีขนส่งสตูล,Satun Bus terminal,ferry,1,สตูล,1,p052,,,,south,,6.597249,100.066571
2,Surat Thani International Airport,213,Department of Airports,ท่าอากาศยานนานาชาติสุราษฎร์ธานี,Surat Thani International Airport,airport,2,สุราษฎร์ธานี,1,URT,,,,south,,9.1357173,99.1413148
8,Samui Airport,214,Bangkok Airways,ท่าอากาศยานสมุย,Samui Airport,airport,1,สุราษฎร์ธานี,1,USM,,,,south,,9.5484366,100.0630279
34,สถานีขนส่งผู้โดยสาร,215,,สถานีขนส่งเกาะสมุย,,bus,1,สุราษฎร์ธานี,1,B022,,,,south,,9.5213559,99.9411484
15,สถานีขนส่งผู้โดยสาร อ.บ้านตาขุน -บขส.999แห่งใหม่,216,,สถานีขนส่งบ้านตาขุน,,bus,1,สุราษฎร์ธานี,,B023,,,,south,,8.9200801,98.9016167
31,Surat Thani Bus Terminal,217,,สถานีขนส่งผู้โดยสารจังหวัดสุราษฎร์ธานี,,bus,2,สุราษฎร์ธานี,1,B024,,,,south,,9.1116134,99.2983044
26,Transport Company Limited Lang Suan Station,218,,สถานีขนส่งหลังสวน,,bus,1,สุราษฎร์ธานี,,B025,,,,south,,9.9661684,99.0690786
33,สถานีเดินรถพุนพิน,219,,สถานีเดินรถพุนพิน,,bus,1,สุราษฎร์ธานี,,B026,,,,south,,9.112358,99.165788
37,Donsak Seatran,220,เอกชน,ท่าเรือ ซีทรานเฟอร์รี่,,ferry,2,สุราษฎร์ธานี,,p053,ดอนสัก - เกาะพะงัน,,,south,,9.3212793,99.7352998
100,HAAD RIN PIER (HAAD RIN QUEEN FERRY),221,,ท่าเรือ หาดริ้น เกาะพะงัน,,ferry,1,สุราษฎร์ธานี,,p054,,,เกาะพะงัน,south,,9.6742643,100.0637099
38,Donsak Raja,222,บริษัท ราชาเฟอร์รี่ จำกัด,ท่าเรือดอนสักราชา,,ferry,2,สุราษฎร์ธานี,1,p055,ดอนสัก - สมุย,,,south,,9.3289429,99.7444702
93,"Thongsala Pier (Raja, Lomprayah, Seatran, Night Boat)",223,เอกชน,ท่าเรือทองศาลา,,ferry,1,สุราษฎร์ธานี,,p056,,,เกาะพะงัน,south,,9.708882,99.983793
263,ท่าเรือท้องหลา,224,,ท่าเรือท้องหลา,,ferry,1,สุราษฎร์ธานี,,p057,,,เกาะพะงัน,south,,,
96,Lomprayah Pier,225,เอกชน,ท่าเรือลมพระยา เกาะพะงัน,,ferry,1,สุราษฎร์ธานี,,p058,,,เกาะพะงัน,south,,9.7109478,99.9824578
47,เรือเร็วลมพระยา,226,เอกชน,ท่าเรือลมพระยา เกาะสมุย,,ferry,0,สุราษฎร์ธานี,,p059,,,,south,,9.5839084,99.983772
95,Lipa Noi Pier,227,,ท่าเรือลิพาน้อย,Lipa Noi Pier,ferry,3,สุราษฎร์ธานี,,p060,,,สมุย,south,,9.4816799,99.9255524
97,Songserm Pier,228,เอกชน,ท่าเรือส่งเสริม เกาะพะงัน,,ferry,1,สุราษฎร์ธานี,,p061,,,เกาะพะงัน,south,,9.7112742,99.9835458
94,Nathon Pier,229,,ท่าเรือหน้าทอน,,ferry,3,สุราษฎร์ธานี,,p062,,,สมุย,south,,9.5362747,99.9342809
101,Tha Thong Pier,230,,ท่าเรือท่าทอง,,harbor,0,สุราษฎร์ธานี,,p068,ท่าเรือขนส่ง,,,south,,9.1843814,99.3708085
102,คิวรถตู้ ชุมพร - สุราษร์,231,,คิวรถตู้ ชุมพร - สุราษร์,,local,1,สุราษฎร์ธานี,,v001,,,,south,,10.4998857,99.1800431
107,คิวรถตู้ สุราษฏร์-หาดใหญ่,232,,คิวรถตู้ สุราษฏร์-หาดใหญ่,,local,1,สุราษฎร์ธานี,,v002,,,,south,,9.1433364,99.3306414
104,คิวรถตู้ไชราษ,233,,คิวรถตู้ไชราษ,,local,1,สุราษฎร์ธานี,,v004,,,,south,,10.4956821,99.1744215
106,คิวรถตู้สุราษฎร์ธานี ไชยา,234,,คิวรถตู้สุราษฎร์ธานี ไชยา,,local,1,สุราษฎร์ธานี,,v005,,,,south,,9.143832,99.3303695
160,Khao Phanom Baek,235,รฟท,สถานีรถไฟเขาพนมแบก,Khao Phanom Baek,train,3,สุราษฎร์ธานี,,4218,ธนบุรี - สุไหงโกลก,ป่าเว,ไชยา,south,,9.47069,99.1793
170,Khao Phlu,236,รฟท,สถานีรถไฟเขาพลู,Khao Phlu,train,3,สุราษฎร์ธานี,,4245,ธนบุรี - สุไหงโกลก,ท่าสะท้อน,พุนพิน,south,,8.97341,99.2939
123,Khao Lung,237,รฟท,สถานีรถไฟเขาหลุง,Khao Lung,train,ที่หยุดรถ,สุราษฎร์ธานี,,4236,ทุ่งโพธิ์ - คีรีรัฐนิคม,บ้านยาง,คีรีรัฐนิคม,south,,9.0472135,99.006861
168,Khao Hua Khwai,238,รฟท,สถานีรถไฟเขาหัวควาย,Khao Hua Khwai,train,3,สุราษฎร์ธานี,,4241,ธนบุรี - สุไหงโกลก,เขาหัวควาย,พุนพิน,south,,9.0558382,99.2558812
163,Khlong Khut,239,รฟท,สถานีรถไฟคลองขุด,Khlong Khut,train,ที่หยุดรถ,สุราษฎร์ธานี,,4225,ธนบุรี - สุไหงโกลก,ท่าฉาง,ท่าฉาง,south,,9.2469875,99.18681
164,Khlong Sai,240,รฟท,สถานีรถไฟคลองไทร,Khlong Sai,train,3,สุราษฎร์ธานี,,4226,ธนบุรี - สุไหงโกลก,คลองไทร,ท่าฉาง,south,,9.20874,99.1646
175,สถานีรถไฟคลองปราบ,241,รฟท,สถานีรถไฟคลองปราบ,Khlong Prap,train,ที่หยุดรถ,สุราษฎร์ธานี,,4252,ธนบุรี - สุไหงโกลก,คลองปราบ,บ้านนาสาร,south,,8.7672645,99.3638877
122,Khlong Yan,242,รฟท,สถานีรถไฟคลองยัน,Khlong Yan,train,ที่หยุดรถ,สุราษฎร์ธานี,,4235,ทุ่งโพธิ์ - คีรีรัฐนิคม,ท่ากระดาน,คีรีรัฐนิคม,south,,9.0579315,99.0242136
171,Khlong Ya,243,รฟท,สถานีรถไฟคลองยา,Khlong Ya,train,ที่หยุดรถ,สุราษฎร์ธานี,,4246,ธนบุรี - สุไหงโกลก,ท่าเรือ,บ้านนาเดิม,south,,8.9363027,99.2984866
177,Khlong Sun,244,รฟท,สถานีรถไฟคลองสูญ,Khlong Sun,train,ที่หยุดรถ,สุราษฎร์ธานี,,4254,ธนบุรี - สุไหงโกลก,เวียงสระ,เวียงสระ,south,,8.6564821,99.3604552
156,Khan Thuli,245,รฟท,สถานีรถไฟคันธุลี,Khan Thuli,train,3,สุราษฎร์ธานี,,4212,ธนบุรี - สุไหงโกลก,คันธุลี,ท่าชนะ,south,,9.66661,99.1459
125,Khiri Ratthanikhom,246,รฟท,สถานีรถไฟคีรีรัฐนิคม,KHIRI RATTHANIKHOM,train,3,สุราษฎร์ธานี,,4238,ทุ่งโพธิ์ - คีรีรัฐนิคม,ท่าขนอน,คีรีรัฐนิคม,south,,9.0312989,98.9470651
166,Ban Thung Pho Junction,247,รฟท,สถานีรถไฟชุมทางบ้านทุ่งโพธิ์,Ban Thung Pho Junction,train,2,สุราษฎร์ธานี,,4229,ธนบุรี - สุไหงโกลก,พุนพิน,พุนพิน,south,,9.1211083,99.2016486
117,Ban Thung Pho Junction,248,รฟท,สถานีรถไฟชุมทางบ้านทุ่งโพธิ์,BAN THUNG PHO JUNCTION,train,3,สุราษฎร์ธานี,,4229,ทุ่งโพธิ์ - คีรีรัฐนิคม,พุนพิน,พุนพิน,south,,9.1211083,99.2016486
161,Chaiya,249,รฟท,สถานีรถไฟไชยา,Chaiya,train,1,สุราษฎร์ธานี,,4221,ธนบุรี - สุไหงโกลก,ตลาดไชยา,ไชยา,south,,9.38851,99.1953
157,Don Thup,250,รฟท,สถานีรถไฟดอนธูป,Don Thup,train,3,สุราษฎร์ธานี,,4213,ธนบุรี - สุไหงโกลก,คันธุลี,ท่าชนะ,south,,9.63483,99.1551
162,Tha Chang,251,รฟท,สถานีรถไฟท่าฉาง,Tha Chang,train,2,สุราษฎร์ธานี,,4224,ธนบุรี - สุไหงโกลก,เขาถ่าน,ท่าฉาง,south,,9.2753613,99.1993514
158,Tha Chana,252,รฟท,สถานีรถไฟท่าชนะ,Tha Chana,train,2,สุราษฎร์ธานี,,4215,ธนบุรี - สุไหงโกลก,สมอทอง,ท่าชนะ,south,,9.5657137,99.1650956
174,Na San,253,รฟท,สถานีรถไฟนาสาร,Na San,train,1,สุราษฎร์ธานี,,4250,ธนบุรี - สุไหงโกลก,นาสาร,บ้านนาสาร,south,,8.8012732,99.362348
169,Bo Krang,254,รฟท,สถานีรถไฟบ่อกรัง,Bo Krang,train,ที่หยุดรถ,สุราษฎร์ธานี,,4243,ธนบุรี - สุไหงโกลก,ท่าสะท้อน,พุนพิน,south,,9.00995,99.2694
159,Ban Ko Muk,255,รฟท,สถานีรถไฟบ้านเกาะมุกข์,Ban Ko Muk,train,ที่หยุดรถ,สุราษฎร์ธานี,,4217,ธนบุรี - สุไหงโกลก,ประสงค์,ท่าชนะ,south,,9.5457932,99.1679248
120,Ban Khanai,256,รฟท,สถานีรถไฟบ้านขนาย,Ban Khanai,train,ที่หยุดรถ,สุราษฎร์ธานี,,4233,ทุ่งโพธิ์ - คีรีรัฐนิคม,บางงอน,พุนพิน,south,,9.0941811,99.0845928
118,Ban Don Rak,257,รฟท,สถานีรถไฟบ้านดอนรัก,Ban Don Rak,train,ที่หยุดรถ,สุราษฎร์ธานี,,4230,ทุ่งโพธิ์ - คีรีรัฐนิคม,หนองไทร,พุนพิน,south,,9.1208066,99.1712063
121,Ban Don Riap,258,รฟท,สถานีรถไฟบ้านดอนเรียบ,Ban Don Riap,train,ที่หยุดรถ,สุราษฎร์ธานี,,4234,ทุ่งโพธิ์ - คีรีรัฐนิคม,บางงอน,พุนพิน,south,,9.0847916,99.0543018
119,Ban Thung Luang,259,รฟท,สถานีรถไฟบ้านทุ่งหลวง,Ban Thung Luang,train,ที่หยุดรถ,สุราษฎร์ธานี,,4232,ทุ่งโพธิ์ - คีรีรัฐนิคม,น้ำรอบ,พุนพิน,south,,9.1045912,99.1180913
172,Ban Na,260,รฟท,สถานีรถไฟบ้านนา,Ban Na,train,2,สุราษฎร์ธานี,,4247,ธนบุรี - สุไหงโกลก,บ้านนา,บ้านนาเดิม,south,,8.8866227,99.3104883
179,Ban Phru Krachaeng,261,รฟท,สถานีรถไฟบ้านพรุกระแชง,Ban Phru Krachaeng,train,3,สุราษฎร์ธานี,,4257,ธนบุรี - สุไหงโกลก,บ้านส้อง,เวียงสระ,south,,8.5933688,99.4213701
124,Ban Yang,262,รฟท,สถานีรถไฟบ้านยาง,Ban Yang,train,ที่หยุดรถ,สุราษฎร์ธานี,,4237,ทุ่งโพธิ์ - คีรีรัฐนิคม,ท่าขนอน,คีรีรัฐนิคม,south,,9.037263,98.9564318
178,Ban Song,263,รฟท,สถานีรถไฟบ้านส้อง,Ban Song,train,1,สุราษฎร์ธานี,,4255,ธนบุรี - สุไหงโกลก,บ้านส้อง,เวียงสระ,south,,8.63367,99.3723
176,Phruphi,264,รฟท,สถานีรถไฟพรุพี,Phruphi,train,2,สุราษฎร์ธานี,,4253,ธนบุรี - สุไหงโกลก,พรุพี,บ้านนาสาร,south,,8.7084466,99.3535
165,Maluan,265,รฟท,สถานีรถไฟมะลวน,Maluan,train,2,สุราษฎร์ธานี,,4227,ธนบุรี - สุไหงโกลก,มะลวน,พุนพิน,south,,9.1654098,99.1590679
167,Suratthani Station,266,รฟท,สถานีรถไฟสุราษฎร์ธานี,Surat Thani,train,1,สุราษฎร์ธานี,1,4239,ธนบุรี - สุไหงโกลก,ท่าข้าม,พุนพิน,south,,9.104137,99.23048
173,Huai Mut,267,รฟท,สถานีรถไฟห้วยมุด,Huai Mut,train,3,สุราษฎร์ธานี,,4249,ธนบุรี - สุไหงโกลก,นาสาร,บ้านนาสาร,south,,8.83529,99.3499
,,268,,ท่าเรือสุระกุล,Surakul Pier,ferry,1,พังงา,1,p063,,,,south,,8.390053446,98.46033096
,,269,,ท่าเรือคงคา,Kong Ka Pier,ferry,1,กระบี่,1,p064,,,,south,,8.061873,98.919443