id,Code,Standard,R,Q,U,IS,X,L,desc,desc2,Form_Question,Status,new_item,img,imgurl
196,R01Q00,ตำแหน่งของพื้นที่ตรวจ,R01,Q00,SK,0,0,0,-,-,Q00 : ตำแหน่งของพื้นที่ตรวจ,on,no,,
1,R01Q01,ความกว้างของทางเท้า,R01,Q01,NW,3,4,1,ทางเท้าในระยะทางไม่เกิน 250 เมตรจากกึ่งกลางสถานีของทุกฝั่งถนน (ซ้ายและขวา) ต้องมีความกว้างไม่น้อยกว่า 150cm  และช่องทางสัญจรที่แคบที่สุดต้องไม่น้อยกว่า 90cm,ทางเท้าในพื้นที่สถานี ต้องมีความกว้างไม่น้อยกว่า 150 ซม.  และช่องทางสัญจรที่แคบที่สุดต้องไม่น้อยกว่า 90 ซม.,Q01 : ความกว้างของทางเท้า,on,no,https://drive.google.com/open?id=11bleEQazy-FIKK-UW33rL6do6BrCdov2&authuser=nati%40satarana.com&usp=drive_fs,http://drive.google.com/uc?export=view&id=11bleEQazy-FIKK-UW33rL6do6BrCdov2&a
2,R01Q02,พื้นผิวทางเท้า,R01,Q02,NW,1,1,1,พื้นผิวทางเท้ามีความเรียบเสมอกัน เป็นวัสดุที่ไม่ลื่น ไม่มีรอยต่อที่ทำให้เกิดการสะดุด,พื้นผิวทางเท้ามีความเรียบเสมอกัน เป็นวัสดุที่ไม่ลื่น ไม่มีรอยต่อที่ทำให้เกิดการสะดุด,Q02 : พื้นผิวทางเท้า,on,no,-,-
3,R01Q03,สิ่งกีดขวางระดับพื้น,R01,Q03,TA,3,1,1,ทางเท้าต้องไม่มีสิ่งกีดขวาง หรือจัดอยู่ในแนวเดียวกัน มีพื้นผิวต่างสัมผัสนิดเตือนหรือมีแนวกั้นห่างจากสิ่งกีดขวางไม่น้อยกว่า 30cm,ทางเท้าต้องไม่มีสิ่งกีดขวาง หรือจัดอยู่ในแนวเดียวกัน มีพื้นผิวต่างสัมผัสนิดเตือนหรือมีแนวกั้นห่างจากสิ่งกีดขวางไม่น้อยกว่า 30 ซม.,Q03 : สิ่งกีดขวางระดับพื้น,on,no,https://drive.google.com/open?id=11gCA0xR94n6SM_bW6LL2H4chvHcka8sK&authuser=nati%40satarana.com&usp=drive_fs,http://drive.google.com/uc?export=view&id=11gCA0xR94n6SM_bW6LL2H4chvHcka8sK&a
4,R01Q04,สิ่งกีดขวางระดับศีรษะ,R01,Q04,SF,3,2,1,หากมีสิ่งกีดขวางในแนวทางเดินระดับศีรษะ ต้องอยู่สูงจากพื้นไม่น้อยกว่า 2m หากมีสะพานลอย ให้ติดตั้งแนวรั้วกั้น,หากมีสิ่งกีดขวางในแนวทางเดินระดับศีรษะ ต้องอยู่สูงจากพื้นไม่น้อยกว่า 2 ม. หากมีสะพานลอย ให้ติดตั้งแนวรั้วกั้น,Q04 : สิ่งกีดขวางระดับศีรษะ,on,no,https://drive.google.com/open?id=1maKLMdxENOA-8CAn5mN21edPqyyWTNq3&authuser=nati%40satarana.com&usp=drive_fs,http://drive.google.com/uc?export=view&id=1maKLMdxENOA-8CAn5mN21edPqyyWTNq3&a
5,R01Q05,พื้นต่างระดับ (ปาดมุม),R01,Q05,NW,2,1,1,กรณีทางเท้ามีพื้นต่างระดับกัน หากพื้นต่างระดับไม่เกิน 2cm ให้ปาดมุม 45 องศา หากมากกว่า 2cm ให้ทำเป็นทางลาด ความลาดเอียง 1:12,กรณีทางเท้ามีพื้นต่างระดับกัน หากพื้นต่างระดับไม่เกิน 2 ซม. ให้ปาดมุม 45 องศา หากมากกว่า 2 ซม. ให้ทำเป็นทางลาด ความลาดเอียง 1:12,Q05 : พื้นต่างระดับ (ปาดมุม),on,no,https://drive.google.com/open?id=1jl0HHH6KpSHC2NGiVGVhPbpCFHYK_oA5&authuser=nati@satarana.com&usp=drive_fs,http://drive.google.com/uc?export=view&id=1jl0HHH6KpSHC2NGiVGVhPbpCFHYK_oA5
6,R01Q06,ความกว้างของทางลาด,R01,Q06,NW,2,4,1,ทางลาดที่อยู่ในแนวทางเท้า มีความกว้างไม่น้อยกว่า 90cm,ทางลาดที่อยู่ในแนวทางเท้า มีความกว้างไม่น้อยกว่า 90 ซม.,Q06 : ความกว้างของทางลาด,on,no,https://drive.google.com/open?id=1jmL8TiOcksJNfFSePOdt4d0v4J6QtfvT&authuser=nati@satarana.com&usp=drive_fs,http://drive.google.com/uc?export=view&id=1jmL8TiOcksJNfFSePOdt4d0v4J6QtfvT
7,R01Q07,ความต่างระดับบนทางเท้า,R01,Q07,NW,2,2,1,ทางลาดที่อยู่ในแนวทางเท้า มีความลาดเอียงไม่มากกว่า 1:12 (4.7636 องศา),ทางลาดที่อยู่ในแนวทางเท้า มีความลาดเอียงไม่มากกว่า 1:12 (5 องศา),Q07 : ความต่างระดับบนทางเท้า,on,no,-,-
8,R01Q08,พื้นผิวต่างสัมผัสชนิดเตือนบริเวณทางลาด,R01,Q08,TA,1,1,2,มีพื้นผิวต่างสัมผัสชนิดเตือนครบทุกทางเลี้ยว ทางแยก ทางต่างระดับ หรือบริเวณที่มีสิ่งกีดขวาง และติดตั้งอย่างถูกต้อง,มีพื้นผิวต่างสัมผัสชนิดเตือนครบทุกทางเลี้ยว ทางแยก ทางต่างระดับ หรือบริเวณที่มีสิ่งกีดขวาง และติดตั้งอย่างถูกต้อง,Q08 : พื้นผิวต่างสัมผัสชนิดเตือนบริเวณทางลาด,on,no,https://drive.google.com/open?id=12KHKFsLfrop-i8zOuOMxRQg3vGG5aTJq&authuser=nati%40satarana.com&usp=drive_fs,http://drive.google.com/uc?export=view&id=12KHKFsLfrop-i8zOuOMxRQg3vGG5aTJq&a
9,R01Q09,ราวกันตกและขอบกันตก,R01,Q09,SF,1,2,2,กรณีทางเท้ามีจุดอันตราย ควรมีราวกันตกและขอบกันตก และติดตั้งถูกต้องตามมาตรฐาน,ในกรณีที่ทางเท้ามีต่างระดับที่ทำให้เกิดอันตรายได้ ต้องมีราวกันตกและขอบกันตกที่ติดตั้งถูกต้องตามมาตราฐาน,Q09 : ราวกันตกและขอบกันตก,on,no,https://drive.google.com/open?id=1pOpe0l1Lhtitc89saBw4c9ZTchDiuE2g&authuser=nati@satarana.com&usp=drive_fs,http://drive.google.com/uc?export=view&id=1pOpe0l1Lhtitc89saBw4c9ZTchDiuE2g
10,R01Q10,ท่อ/รางระบายน้ำ,R01,Q10,NW,1,1,1," ท่อระบายน้ำหรือรางระบายน้ำ ฝาท่อระบายน้ำปิดสนิท ร่องตะแกรงหรือรูระบายน้ำต้องมีขนาดความกว้างไม่เกิน 13mm กรณีเป็นตะแกรงระบายน้ำ ร่องตามยาวของตะแกรงต้องไม่ขนานกับเส้นทางสัญจร
",1. ท่อระบายน้ำหรือรางระบายน้ำมีฝาท่อปิดสนิด หากเป็นรองระบายน้ำจะต้องติดตั้งในทิศทาง 'ขวาง' ทางสัญจร และ 2. ร่องหรือรูระบายน้ำจะต้องมีขนาดความกว้างไม่เกิน 13 มม.,Q10 : ท่อ/รางระบายน้ำ,on,no,https://drive.google.com/open?id=1jt5ZmHz8haEIVCsuW8uzfcIWQXY4TUoy&authuser=nati@satarana.com&usp=drive_fs,http://drive.google.com/uc?export=view&id=1jt5ZmHz8haEIVCsuW8uzfcIWQXY4TUoy
11,R01Q11,อุปกรณ์บังแดดหรือฝน,R01,Q11,SF,1,2,1," อุปกรณ์บังแดดหรือฝน ของอาคารที่อยู่ริมทางเท้า ในขณะใช้งานต้องสูงจากพื้นไม่น้อยกว่า 2m และอุปกรณ์สำหรับยึดหรือชักรอกต้องไม่อยู่ในแนวทางเท้า
"," อุปกรณ์บังแดดหรือฝน ของอาคารที่อยู่ริมทางเท้า ในขณะใช้งานต้องสูงจากพื้นไม่น้อยกว่า 2 ม. และอุปกรณ์สำหรับยึดหรือชักรอกต้องไม่อยู่ในแนวทางเท้า
",Q11 : อุปกรณ์บังแดดหรือฝน,off,no,-,-
12,R01Q12,ความสูงของเสาไฟ,R01,Q12,SF,3,2,2,เสาไฟบนทางเท้าต้องสูงจากพื้นไม่น้อยกว่า 250cm,เสาไฟบนทางเท้าต้องสูงจากพื้นไม่น้อยกว่า 250 ซม.,Q12 : ความสูงของเสาไฟ,off,no,-,-
13,R01Q13,แถบสี/พื้นผิวต่างสัมผัสชนิดเตือน,R01,Q13,TA,1,1,2,เสาไฟบนทางเท้าต้องมีแถบสีเตือนตัวเสาไฟ และติดตั้งพื้นผิวต่างสัมผัสชนิดเตือนห่างจากเสาไฟ 30cm - 35cm,เสาไฟบนทางเท้าต้องมีแถบสีเตือนตัวเสาไฟ และติดตั้งพื้นผิวต่างสัมผัสชนิดเตือนห่างจากเสาไฟ 30 ซม. - 35 ซม.,Q13 : แถบสี/พื้นผิวต่างสัมผัสชนิดเตือน,off,no,https://drive.google.com/open?id=1pCU2_W-2NfTC55bUS-wIVHDg86OR5cuZ&authuser=nati@satarana.com&usp=drive_fs,http://drive.google.com/uc?export=view&id=1pCU2_W-2NfTC55bUS-wIVHDg86OR5cuZ
14,R01Q14,ทางเท้ากับเสาไฟ,R01,Q14,NW,3,4,1," ระยะห่างของทางเท้ากับเสาไฟต้องไม่น้อยกว่า 90cm ตลอดเส้นทาง
"," ระยะห่างของทางเท้ากับเสาไฟต้องไม่น้อยกว่า 90 ซม. ตลอดเส้นทาง
",Q14 : ทางเท้ากับเสาไฟ,off,no,-,-
197,R01Q15,สภาพผิวทางลาด,R01,Q15,NW,1,1,1,-,พื้นผิวทางเท้ามีความเรียบเสมอกัน เป็นวัสดุที่ไม่ลื่น ไม่มีรอยต่อที่ทำให้เกิดการสะดุด,Q15 : สภาพผิวทางลาด,on,no,-,-
198,R01Q16,สะพานลอย,R01,Q16,AA,2,2,2,-,สะพานลอยบนทางเท้ามีรั้วล้อมรอบเพื่อป้องกันคนเดินชนใต้ท้องบันได,Q16 : สะพานลอย,on,no,,
199,R02Q00,ตำแหน่งของพื้นที่ตรวจ,R02,Q00,SK,0,0,0,-,-,,on,no,,
15,R02Q01,จุดข้ามถนน,R02,Q01,NW,2,4,1,มีจุดที่คนพิการสามารถข้ามถนนไปใช้ทางเข้าออกอีกฝั่งได้ทุกจุด และต้องมีสัญญาณคนข้าม ยกเว้นกรณีใช้สะพานลอยซึ่งมีลิฟต์หรือทางลาดสำหรับข้ามถนน,1. มีจุดข้ามถนนที่ผู้พิการสามารถข้ามถนนได้ตามมาตราฐาน หรือมี 2. ทางข้ามลอยฟ้าที่มีลิฟต์พร้อมทางลาดที่ได้มาตราฐาน,Q01 : จุดข้ามถนน,on,no,https://drive.google.com/open?id=1md-GIWmCvp6mdnIihmsIq66iIsmTUkkt&authuser=nati@satarana.com&usp=drive_fs,http://drive.google.com/uc?export=view&id=1md-GIWmCvp6mdnIihmsIq66iIsmTUkkt
16,R02Q02,สัญญาณไฟ (แสง),R02,Q02,NH,2,1,1,มีสัญญาณไฟสำหรับคนพิการทางการได้ยินและสื่อความหมาย,มีสัญญาณไฟสำหรับคนพิการทางการได้ยินและสื่อความหมาย,Q02 : สัญญาณไฟ (แสง),on,no,https://drive.google.com/open?id=1muof6r1AHYruZx921Z4OTpcghtp05WrL&authuser=nati@satarana.com&usp=drive_fs,http://drive.google.com/uc?export=view&id=1muof6r1AHYruZx921Z4OTpcghtp05WrL
17,R02Q03,สัญญาณไฟ (เสียง),R02,Q03,AA,2,1,1,มีสัญญาณเสียงสำหรับคนพิการทางการเห็นซึ่งมีเสียงดังแตกต่างกันเป็นสองระยะ คือเสียงปกติ และเสียงถี่ขึ้นเมื่อใกล้สิ้นสุดเวลาของสัญญาณข้ามถนน,มีสัญญาณเสียงสำหรับคนพิการทางการเห็นซึ่งมีเสียงดังแตกต่างกันเป็นสองระยะ คือเสียงปกติ และเสียงถี่ขึ้นเมื่อใกล้สิ้นสุดเวลาของสัญญาณข้ามถนน,Q03 : สัญญาณไฟ (เสียง),on,no,-,-
18,R02Q04,จุดข้ามที่ไม่มีสัญญาณไฟ,R02,Q04,TA,2,1,2,ทางข้ามถนนที่ไม่มีสัญญาณไฟจราจรและมีพื้นผิวที่ต่างระดับกัน ให้มีพื้นผิวต่างสัมผัสชนิดเตือนและทางลาด (หากไม่เข้าเกณฑ์ข้ามไป Q05),ทางข้ามถนนที่ไม่มีสัญญาณไฟจราจรและมีพื้นผิวที่ต่างระดับกัน ให้มีพื้นผิวต่างสัมผัสชนิดเตือนและทางลาด (หากไม่เข้าเกณฑ์ข้ามไป Q05),Q04 : จุดข้ามที่ไม่มีสัญญาณไฟ,on,no,https://drive.google.com/open?id=1mefNWl-NZL-4y_mnxx7HEW4qfhfuFRYq&authuser=nati@satarana.com&usp=drive_fs,http://drive.google.com/uc?export=view&id=1mefNWl-NZL-4y_mnxx7HEW4qfhfuFRYq
19,R02Q05,ความกว้างทางข้าม,R02,Q05,NW,1,1,1,ความกว้างของทางข้ามต้องไม่น้อยกว่า 200cm พื้นผิวเรียบและไม่ลื่น เห็นลายสีขาวชัดเจน,ความกว้างของทางข้ามต้องไม่น้อยกว่า 200 ซม. พื้นผิวเรียบและไม่ลื่น เห็นลายสีขาวชัดเจน,Q05 : ความกว้างทางข้าม,on,no,https://drive.google.com/open?id=1mefNWl-NZL-4y_mnxx7HEW4qfhfuFRYq&authuser=nati@satarana.com&usp=drive_fs,http://drive.google.com/uc?export=view&id=1mefNWl-NZL-4y_mnxx7HEW4qfhfuFRYq
20,R02Q06,ลูกระนาดก่อนถึงทางข้าม,R02,Q06,SF,2,2,1,ก่อนถึงทางข้าม ต้องมีลูกระนาดชลอความเร็วก่อนถึงทางข้าม,ก่อนถึงทางข้าม มีการติดตั้งเครื่องชลอความเร็วบนถนน เช่น เส้นหยักเตือนบนพื้นถนน ลูกระนาดชลอความเร็ว หรือเนินทางข้าม,Q06 : ลูกระนาดก่อนถึงทางข้าม,on,no,-,-
21,R02Q07,ความกว้างทางลาด,R02,Q07,NW,1,4,1,ทางลาดสำหรับข้ามถนนมีความกว้างไม่น้อยกว่า 90cm,ทางลาดสำหรับข้ามถนนมีความกว้างไม่น้อยกว่า 90 ซม.,Q07 : ความกว้างทางลาด,on,no,https://drive.google.com/open?id=1pZBAx17DU9i-UCTBkO0DX6XyrAnR-49o&authuser=nati@satarana.com&usp=drive_fs,http://drive.google.com/uc?export=view&id=1pZBAx17DU9i-UCTBkO0DX6XyrAnR-49o
22,R02Q08,ทางลาด,R02,Q08,NW,2,2,1,ทางลาดสำหรับข้ามถนนมีความลาดเอียงไม่มากกว่า 1:12 (4.7636 องศา),ทางลาดสำหรับข้ามถนนมีความลาดเอียงน้อยกว่า 1:12,Q08 : ทางลาด,on,no,https://drive.google.com/open?id=1jIB80N6iFaJoQfehkL0rju6eBxBBkcix&authuser=nati@satarana.com&usp=drive_fs,http://drive.google.com/uc?export=view&id=1jIB80N6iFaJoQfehkL0rju6eBxBBkcix
23,R02Q09,ระยะปลายทางลาดกับถนน,R02,Q09,SF,1,2,3,ปลายทางลาดทื่ยื่นลงสู่ถนนต้องอยู่ห่างจากถนนไม่น้อยกว่า 120cm (แพลตตินัม),ปลายทางลาดทื่ยื่นลงสู่ถนนต้องอยู่ห่างจากถนนไม่น้อยกว่า 120 ซม. (แพลตตินัม),Q09 : ระยะปลายทางลาดกับถนน,on,no,https://drive.google.com/open?id=1mefNWl-NZL-4y_mnxx7HEW4qfhfuFRYq&authuser=nati@satarana.com&usp=drive_fs,http://drive.google.com/uc?export=view&id=1mefNWl-NZL-4y_mnxx7HEW4qfhfuFRYq
24,R02Q10,พื้นผิวทางลาด,R02,Q10,MA,1,1,1,พื้นผิวของทางลาดต้องไม่ลื่นหรือมีลักษณะที่เป็นอันตราย อยู่ในสภาพที่ใช้งานได้ดี,พื้นผิวของทางลาดต้องไม่ลื่นหรือมีลักษณะที่เป็นอันตราย อยู่ในสภาพที่ใช้งานได้ดี,Q10 : พื้นผิวทางลาด,on,no,-,-
25,R02Q11,ระยะห่างจากอาคาร,R02,Q11,NW,3,4,2,ระยะห่างของทางลาดกับอาคารหรือสิ่งกีดขวางต้องไม่น้อยกว่า 90cm,ระยะห่างของทางลาดกับอาคารหรือสิ่งกีดขวางต้องไม่น้อยกว่า 90 ซม.,Q11 : ระยะห่างจากอาคาร,on,no,https://drive.google.com/open?id=1kB6RygM4j13bPeFU1I7YnPtiSWftcbZk&authuser=nati@satarana.com&usp=drive_fs,http://drive.google.com/uc?export=view&id=1kB6RygM4j13bPeFU1I7YnPtiSWftcbZk
26,R02Q12,พื้นผิวต่างสัมผัสชนิดเตือน,R02,Q12,TA,1,1,2,พื้นผิวต่างสัมผัสชนิดเตือนก่อนลงทางลาดอยู่ห่างจากจุดลง 30cm - 35cm ของทั้ง 3 ด้านของทางลาด,พื้นผิวต่างสัมผัสชนิดเตือนก่อนลงทางลาดอยู่ห่างจากจุดลง 30 ซม. - 35 ซม. ของทั้ง 3 ด้านของทางลาด,Q12 : พื้นผิวต่างสัมผัสชนิดเตือน,on,no,https://drive.google.com/open?id=1pZkOxzO61rFWpND7_43N5-dVYAs9Rlw8&authuser=nati@satarana.com&usp=drive_fs,http://drive.google.com/uc?export=view&id=1pZkOxzO61rFWpND7_43N5-dVYAs9Rlw8
27,R02Q13,ป้ายสัญลักษณ์,R02,Q13,VA,1,1,1,มีป้ายสัญลักษณ์หรือตัวอักษรแสดงจุดข้ามถนนสำหรับคนพิการ ต้องมีขนาดป้ายไม่น้อยกว่า 30cm ใช้สีขาว-น้ำเงินหรือน้ำเงิน-ขาว และมีข้อความทั้งภาษาไทยและอังกฤษ,มีป้ายสัญลักษณ์หรือตัวอักษรแสดงจุดข้ามถนนสำหรับคนพิการ ต้องมีขนาดป้ายไม่น้อยกว่า 30 ซม. ใช้สีขาว-น้ำเงินหรือน้ำเงิน-ขาว และมีข้อความทั้งภาษาไทยและอังกฤษ,Q13 : ป้ายสัญลักษณ์,on,no,https://drive.google.com/open?id=1lb3SzD7TLpUlbqtnfAtJ5FcyICIAMxTp&authuser=nati@satarana.com&usp=drive_fs,http://drive.google.com/uc?export=view&id=1lb3SzD7TLpUlbqtnfAtJ5FcyICIAMxTp
28,R03Q01,ทางที่เข้าได้,R03,Q01,NW,2,4,1,หากทางเข้ามีความต่างระดับ ต้องมีทางลาดที่เข้าได้หรือสิ่งทดแทนทางลาด เช่น ลิฟต์แบบแท่นยก อยู่ในบริเวณทางเข้าหลักกับทางเข้า-ออกของคนทั่วไป และมีสภาพที่ใช้งานได้ดี,หากทางเข้ามีความต่างระดับ ต้องมีทางลาดที่เข้าได้หรือสิ่งทดแทนทางลาด เช่น ลิฟต์แบบแท่นยก อยู่ในบริเวณทางเข้าหลักกับทางเข้า-ออกของคนทั่วไป และมีสภาพที่ใช้งานได้ดี,Q01 : ทางที่เข้าได้,on,no,-,-
29,R03Q02,พื้นผิวทางลาด,R03,Q02,NW,1,1,1,พื้นผิวของทางลาดทุกส่วนเป็นวัสดุที่ไม่ลื่น (รวมถึงแลนดิ้งของทางลาด) หากมีจุดเชื่อมต่อต้องเรียบเสมอกัน,พื้นผิวของทางลาดทุกส่วนเป็นวัสดุที่ไม่ลื่น (รวมถึงแลนดิ้งของทางลาด) หากมีจุดเชื่อมต่อต้องเรียบเสมอกัน,Q02 : พื้นผิวทางลาด,on,no,-,-
30,R03Q03,ความกว้างของทางลาด,R03,Q03,NW,2,4,1,ความกว้างของทางลาด ต้องไม่น้อยกว่า 90cm หากความยาวทางลาดรวมเกิน 6m ต้องมีความกว้างไม่น้อยกว่า 150cm,ความกว้างของทางลาด ต้องไม่น้อยกว่า 90 ซม. หากความยาวทางลาดรวมเกิน 6 ม. ต้องมีความกว้างไม่น้อยกว่า 150 ซม.,Q03 : ความกว้างของทางลาด,on,no,https://drive.google.com/open?id=1p_H2F8_5RMl_E85e1GsT3gytVido3F8a&authuser=nati@satarana.com&usp=drive_fs,http://drive.google.com/uc?export=view&id=1p_H2F8_5RMl_E85e1GsT3gytVido3F8a
31,R03Q04,พื้นที่แลนดิ้ง,R03,Q04,NW,2,2,1," ต้องมีพื้นที่ว่างหน้าทางลาด 
(แลนดิ้งบนและล่าง) ยาวเลยทางลาดออกไปไม่น้อยกว่า 150cm เพื่อให้ผู้ใช้รถเข็นหยุดพักหรือหมุนตัวได้"," ต้องมีพื้นที่ว่างหน้าทางลาด 
(แลนดิ้งบนและล่าง) ยาวเลยทางลาดออกไปไม่น้อยกว่า 150 ซม. เพื่อให้ผู้ใช้รถเข็นหยุดพักหรือหมุนตัวได้",Q04 : พื้นที่แลนดิ้ง,on,no,https://drive.google.com/open?id=1k_r1JtPe7E2sUR2LrUeKzpdoaH5KWZix&authuser=nati@satarana.com&usp=drive_fs,http://drive.google.com/uc?export=view&id=1k_r1JtPe7E2sUR2LrUeKzpdoaH5KWZix
32,R03Q05,ความยาวช่วงทางลาด,R03,Q05,MA,2,1,2,ความยาวแต่ละช่วงของทางลาดต้องไม่เกิน 6m,ความยาวแต่ละช่วงของทางลาดต้องไม่เกิน 6m,Q05 : ความยาวช่วงทางลาด,on,no,https://drive.google.com/open?id=1kB6RygM4j13bPeFU1I7YnPtiSWftcbZk&authuser=nati@satarana.com&usp=drive_fs,http://drive.google.com/uc?export=view&id=1kB6RygM4j13bPeFU1I7YnPtiSWftcbZk
33,R03Q06,ชานพักของทางลาด,R03,Q06,NW,2,2,2,หากความยาวทางลาดรวมเกิน 6m ต้องมีชานพักความยาวไม่น้อยกว่า 150cm จัดไว้ทุกๆ 6m หรือน้อยกว่าของแต่ละช่วงตอนของทางลาด,หากความยาวทางลาดรวมเกิน 6m ต้องมีชานพักความยาวไม่น้อยกว่า 150 ซม. จัดไว้ทุกๆ 6m หรือน้อยกว่าของแต่ละช่วงตอนของทางลาด,Q06 : ชานพักของทางลาด,on,no,https://drive.google.com/open?id=1kBZdrrcddLYGe6D24_lSoqO_pSgtGSua&authuser=nati@satarana.com&usp=drive_fs,http://drive.google.com/uc?export=view&id=1kBZdrrcddLYGe6D24_lSoqO_pSgtGSua
34,R03Q07,ความลาดเอียง (1:12),R03,Q07,NW,2,4,1,ความลาดเอียงของทางลาดต้องไม่เกิน 1:12 หรือ 4.7636 องศา,ความลาดเอียงของทางลาดต้องไม่เกิน 1:12,Q07 : ความลาดเอียง (1:12),on,no,https://drive.google.com/open?id=1jIB80N6iFaJoQfehkL0rju6eBxBBkcix&authuser=nati@satarana.com&usp=drive_fs,http://drive.google.com/uc?export=view&id=1jIB80N6iFaJoQfehkL0rju6eBxBBkcix
35,R03Q08,ความลาดเอียง (1:15),R03,Q08,NW,2,2,3,ความลาดเอียงของทางลาดต้องไม่เกิน 1:15 หรือ 3.8141 องศา (แพลตตินัม),ความลาดเอียงของทางลาดต้องไม่เกิน 1:15 (แพลตตินัม),Q08 : ความลาดเอียง (1:15),on,no,-,-
36,R03Q09,ขอบกันตก,R03,Q09,SF,1,2,1,ทางลาดที่ยาวมากกว่า 250cm ต้องมีขอบกันตกด้านที่ไม่มีผนังสูงจากพื้นไม่น้อยกว่า 15cm  กรณีใช้ราวเป็นขอบกันตก ราวด้านล่างสุดต้องอยู่สูงจากพื้นไม่เกิน 10cm หากทางลาดมีจุดเลี้ยวต้องมีขอบกันตกหรือราวที่ใช้เป็นขอบกันตกด้านไม่มีผนัง,ทางลาดที่ยาวมากกว่า 250 ซม. ต้องมีขอบกันตกด้านที่ไม่มีผนังสูงจากพื้นไม่น้อยกว่า 15 ซม.  กรณีใช้ราวเป็นขอบกันตก ราวด้านล่างสุดต้องอยู่สูงจากพื้นไม่เกิน 10 ซม. หากทางลาดมีจุดเลี้ยวต้องมีขอบกันตกหรือราวที่ใช้เป็นขอบกันตกด้านไม่มีผนัง,Q09 : ขอบกันตก,on,no,https://drive.google.com/open?id=1o4IYrGDnzoVfDblALq7h0lo1JZV1Id3g&authuser=nati@satarana.com&usp=drive_fs,http://drive.google.com/uc?export=view&id=1o4IYrGDnzoVfDblALq7h0lo1JZV1Id3g
37,R03Q10,ราวกันตก,R03,Q10,SF,1,2,1,ทางลาดที่ยาวมากกว่า 250cm ต้องมีราวกันตกด้านไม่มีผนัง สูงจากพื้น 60cm - 70cm หากทางลาดมีจุดเลี้ยวต้องราวหรือผนังกันตกด้านที่ไม่มีผนัง,ทางลาดที่ยาวมากกว่า 250 ซม. ต้องมีราวกันตกด้านไม่มีผนัง สูงจากพื้น 60 ซม. - 70 ซม. หากทางลาดมีจุดเลี้ยวต้องราวหรือผนังกันตกด้านที่ไม่มีผนัง,Q10 : ราวกันตก,on,no,https://drive.google.com/open?id=1n_lp8O-7mYoftAFZuvwLru6Mn5Y1Hwj4&authuser=nati@satarana.com&usp=drive_fs,http://drive.google.com/uc?export=view&id=1n_lp8O-7mYoftAFZuvwLru6Mn5Y1Hwj4
38,R03Q11,พื้นผิวต่างสัมผัสชนิดเตือน,R03,Q11,TA,1,1,2,ต้องมีพื้นผิวต่างสัมผัสชนิดเตือนก่อนขึ้นและลงทางลาด ยาวเท่ากับความกว้างของทางลาด ห่างจากจุดขึ้น-ลง 30cm - 35cm,ต้องมีพื้นผิวต่างสัมผัสชนิดเตือนก่อนขึ้นและลงทางลาด ยาวเท่ากับความกว้างของทางลาด ห่างจากจุดขึ้น-ลง 30 ซม. - 35 ซม.,Q11 : พื้นผิวต่างสัมผัสชนิดเตือน,on,no,https://drive.google.com/open?id=1pZkOxzO61rFWpND7_43N5-dVYAs9Rlw8&authuser=nati@satarana.com&usp=drive_fs,http://drive.google.com/uc?export=view&id=1pZkOxzO61rFWpND7_43N5-dVYAs9Rlw8
39,R03Q12,ความสูงของราวจับ,R03,Q12,MA,1,1,2,ทางลาดที่ยาวมากกว่า 250cm ต้องมีราวจับทั้งสองด้าน อยู่สูงจากพื้น 80cm - 90cm และติดตั้งอย่างมั่นคงและแข็งแรง,ทางลาดที่ยาวมากกว่า 250 ซม. ต้องมีราวจับทั้งสองด้าน อยู่สูงจากพื้น 80 ซม. - 90 ซม. และติดตั้งอย่างมั่นคงและแข็งแรง,Q12 : ความสูงของราวจับ,on,no,https://drive.google.com/open?id=1n_lp8O-7mYoftAFZuvwLru6Mn5Y1Hwj4&authuser=nati@satarana.com&usp=drive_fs,http://drive.google.com/uc?export=view&id=1n_lp8O-7mYoftAFZuvwLru6Mn5Y1Hwj4
40,R03Q13,ระยะยื่นเลยทางลาดของราวจับ,R03,Q13,MA,1,1,2,ทางลาดที่มีราวจับ  ปลายของราวจับต้องยื่นเลยจากทางลาดออกไปไม่น้อยกว่า 30cm และมีลักษณะโค้งเข้าด้านใน,ทางลาดที่มีราวจับ  ปลายของราวจับต้องยื่นเลยจากทางลาดออกไปไม่น้อยกว่า 30 ซม. และมีลักษณะโค้งเข้าด้านใน,Q13 : ระยะยื่นเลยทางลาดของราวจับ,on,no,https://drive.google.com/open?id=1kEY_DeM426bcOpaYktutWkMcHivP_9Dk&authuser=nati@satarana.com&usp=drive_fs,http://drive.google.com/uc?export=view&id=1kEY_DeM426bcOpaYktutWkMcHivP_9Dk
41,R03Q14,ขนาดของราวจับ,R03,Q14,MA,1,1,2,ราวจับต้องมีลักษณะกลม มีเส้นผ่านศูนย์กลาง 3cm - 4cm (หรือเส้นรอบวง 9.4cm - 12.6cm) พื้นผิวเรียบและไม่ลื่นหรือมีลักษณะที่เป็นอันตราย,ราวจับต้องมีลักษณะกลม มีเส้นผ่านศูนย์กลาง 3 ซม. - 4 ซม. พื้นผิวเรียบและไม่ลื่นหรือมีลักษณะที่เป็นอันตราย,Q14 : ขนาดของราวจับ,on,no,https://drive.google.com/open?id=1oMSkGrDp53aNJ2xT2N4rkgyMJIoDNZ3X&authuser=nati@satarana.com&usp=drive_fs,http://drive.google.com/uc?export=view&id=1oMSkGrDp53aNJ2xT2N4rkgyMJIoDNZ3X
42,R03Q15,ราวจับที่ยึดติดผนัง,R03,Q15,MA,1,1,2,หากมีราวจับที่ยึดติดกับผนัง ต้องอยู่ห่างจากผนังไม่น้อยกว่า 5cm และสูงจากจุดยึด >=12cm (หากไม่มี ข้ามไป Q15),หากมีราวจับที่ยึดติดกับผนัง ต้องอยู่ห่างจากผนังไม่น้อยกว่า 5 ซม. และสูงกว่าจากจุดยึด 12 ซม.,Q15 : ราวจับที่ยึดติดผนัง,on,no,https://drive.google.com/open?id=1oMSkGrDp53aNJ2xT2N4rkgyMJIoDNZ3X&authuser=nati@satarana.com&usp=drive_fs,http://drive.google.com/uc?export=view&id=1oMSkGrDp53aNJ2xT2N4rkgyMJIoDNZ3X
43,R03Q16,ป้ายสัญลักษณ์,R03,Q16,VA,1,1,1,มีป้ายสัญลักษณ์หรือตัวอักษรแสดงให้ทราบว่ามีทางลาด,มีป้ายสัญลักษณ์หรือตัวอักษรแสดงให้ทราบว่ามีทางลาด,Q16 : ป้ายสัญลักษณ์,on,no,https://drive.google.com/open?id=1pdu--P5jmhDZNTbZ5vgkybSP1XX_HtWn&authuser=nati@satarana.com&usp=drive_fs,http://drive.google.com/uc?export=view&id=1pdu--P5jmhDZNTbZ5vgkybSP1XX_HtWn
200,R03Q17,ขอบหรือราวจับ,R03,Q17,NW,1,2,2,-,-,,on,no,,
44,R04Q01,ลิฟต์เข้าสู่สถานี,R04,Q01,NW,3,4,1,หากสถานีโดยสารมีมากกว่า 1 ชั้น ต้อมีลิฟต์หรือสิ่งทดแทนลิฟต์สำหรับขึ้น-ลงและเข้าออกสถานีได้ทุกชั้นที่จำเป็น สามารถใช้งานได้อย่างอิสระ หากมีบันไดก่อนถึงลิฟต์ ต้องจัดให้มีทางลาดที่ได้มาตรฐาน,หากสถานีโดยสารมีมากกว่า 1 ชั้น ต้องมีลิฟต์หรือสิ่งทดแทนลิฟต์สำหรับขึ้น-ลง และเข้าออกสถานีได้ทุกชั้นที่จำเป็น สามารถใช้งานได้อย่างอิสระ หากมีบันไดก่อนถึงลิฟต์ ต้องจัดให้มีทางลาดที่ได้มาตรฐาน,Q01 : ลิฟต์เข้าสู่สถานี,on,no,-,-
45,R04Q02,พื้นผิวต่างสัมผัสชนิดเตือน,R04,Q02,TA,1,1,2,หน้าทางเข้าลิฟต์ต้องมีพื้นผิวต่างสัมผัสชนิดเตือนขนาด 30cm x 90cm ห่างจากลิฟต์ 30cm - 35cm,หน้าทางเข้าลิฟต์ต้องมีพื้นผิวต่างสัมผัสชนิดเตือนขนาด 30 ซม. x 90 ซม. ห่างจากลิฟต์ 30 ซม. - 35 ซม.,Q02 : พื้นผิวต่างสัมผัสชนิดเตือน,on,no,https://drive.google.com/open?id=1ni_zbKxzf4OOiTGb_KndkDoUe-dW3rX_&authuser=nati@satarana.com&usp=drive_fs,http://drive.google.com/uc?export=view&id=1ni_zbKxzf4OOiTGb_KndkDoUe-dW3rX_
46,R04Q03,พื้นที่ว่างหน้าลิฟต์,R04,Q03,NW,2,2,1,พื้นที่ว่างหน้าลิฟต์ต้องราบเสมอกันและยาวไม่น้อยกว่า 150cm,พื้นที่ว่างหน้าลิฟต์ต้องราบเสมอกันและยาวไม่น้อยกว่า 150 ซม.,Q03 : พื้นที่ว่างหน้าลิฟต์,on,no,https://drive.google.com/open?id=1nvhUh5Ap8NR8rRsX--8aylVAnnyXDbO8&authuser=nati@satarana.com&usp=drive_fs,http://drive.google.com/uc?export=view&id=1nvhUh5Ap8NR8rRsX--8aylVAnnyXDbO8
47,R04Q04,ความสูงปุ่มกดเรียกลิฟต์ (หน้าลิฟต์),R04,Q04,NW,1,1,2,ปุ่มกดเรียกลิฟต์ทุกปุ่มอยู่สูงจากพื้น 90cm - 120cm,ปุ่มกดเรียกลิฟต์ทุกปุ่มอยู่สูงจากพื้น 90 ซม. - 120 ซม.,Q04 :  ความสูงปุ่มกดเรียกลิฟต์ (หน้าลิฟต์),on,no,https://drive.google.com/open?id=1nvhUh5Ap8NR8rRsX--8aylVAnnyXDbO8&authuser=nati@satarana.com&usp=drive_fs,http://drive.google.com/uc?export=view&id=1nvhUh5Ap8NR8rRsX--8aylVAnnyXDbO8
48,R04Q05,อักษรเบรลล์บนปุ่มกด (หน้าลิฟต์),R04,Q05,TA,1,1,2,ปุ่มกดเรียกลิฟต์มีอักษรเบรลล์ครบทุกปุ่มกด ขนาดปุ่มกดไม่น้อยกว่า 2cm และต้องไม่มีสิ่งกีดขวางบริเวณปุ่มกดเรียกลิฟต์,ปุ่มกดเรียกลิฟต์มีอักษรเบรลล์ครบทุกปุ่มกด ขนาดปุ่มกดไม่น้อยกว่า 2 ซม. และต้องไม่มีสิ่งกีดขวางบริเวณปุ่มกดเรียกลิฟต์,Q05 : อักษรเบรลล์บนปุ่มกด (หน้าลิฟต์),on,no,https://drive.google.com/open?id=1pqGV5hscuu7F3X0jk2gGgi8DeeKIehXs&authuser=nati@satarana.com&usp=drive_fs,http://drive.google.com/uc?export=view&id=1pqGV5hscuu7F3X0jk2gGgi8DeeKIehXs
49,R04Q06,ความกว้างประตูลิฟต์,R04,Q06,NW,3,4,1,ความกว้างสุทธิของช่องประตูลิฟต์ต้องไม่น้อยกว่า 90cm,ความกว้างสุทธิของช่องประตูลิฟต์ต้องไม่น้อยกว่า 90 ซม.,Q06 : ความกว้างประตูลิฟต์,on,no,https://drive.google.com/open?id=1nqv43eazl75a_PTFKny5ltek1DrDlP-d&authuser=nati@satarana.com&usp=drive_fs,http://drive.google.com/uc?export=view&id=1nqv43eazl75a_PTFKny5ltek1DrDlP-d
50,R04Q07,เซนเซอร์กันประตูหนีบ,R04,Q07,SF,1,1,2,มีระบบป้องกันประตูลิฟต์หนีบผู้โดยสาร,มีระบบป้องกันประตูลิฟต์หนีบผู้โดยสาร,Q07 : เซนเซอร์กันประตูหนีบ,on,no,-,-
51,R04Q08,ขนาดห้องลิฟต์,R04,Q08,NW,3,4,1,ขนาดของห้องลิฟต์ต้องกว้างไม่น้อยกว่า 110cm และยาวหรือลึกไม่น้อยกว่า 140cm,ขนาดของห้องลิฟต์ต้องกว้างไม่น้อยกว่า 110 ซม. และยาวหรือลึกไม่น้อยกว่า 140 ซม.,Q08 : ขนาดห้องลิฟต์,on,no,https://drive.google.com/open?id=1kdk5yHUJfCOiO9Hirv0_AJ8kKGAvp3T6&authuser=nati@satarana.com&usp=drive_fs,http://drive.google.com/uc?export=view&id=1kdk5yHUJfCOiO9Hirv0_AJ8kKGAvp3T6
52,R04Q09,แผงปุ่มกดล่างในลิฟต์,R04,Q09,MA,1,1,2,ระยะห่างของแผงปุ่มกดสำหรับรถเข็น (แผงปุ่มกดล่าง) จากมุมในห้องลิฟต์ต้องมากกว่า 40cm กรณีลิฟต์กว้างและยาว >150cm (หากไม่มี ข้ามไป Q10),ระยะห่างของแผงปุ่มกดสำหรับรถเข็น (แผงปุ่มกดล่าง) จากมุมในห้องลิฟต์ต้องมากกว่า 40 ซม. กรณีลิฟต์กว้างและยาวมากกว่า 150 ซม.,Q09 : แผงปุ่มกดล่างในลิฟต์,on,no,https://drive.google.com/open?id=1nSYcAqn63WUIU1gtGZKA_p3OOeghJYtz&authuser=nati@satarana.com&usp=drive_fs,http://drive.google.com/uc?export=view&id=1nSYcAqn63WUIU1gtGZKA_p3OOeghJYtz
53,R04Q10,ความสูงของปุ่มกดในลิฟต์,R04,Q10,MA,2,1,2,ปุ่มกดบนแผงปุ่มกดในห้องลิฟต์ทั้งหมดอยู่สูงจากพื้น 90cm - 120cm,ปุ่มกดบนแผงปุ่มกดในห้องลิฟต์ทั้งหมดอยู่สูงจากพื้น 90 ซม. - 120 ซม.,Q10 : ความสูงของปุ่มกดในลิฟต์,on,no,https://drive.google.com/open?id=1khdo1MJBvL1Uy6OQH3OzdRiJ_O2AqFKw&authuser=nati@satarana.com&usp=drive_fs,http://drive.google.com/uc?export=view&id=1khdo1MJBvL1Uy6OQH3OzdRiJ_O2AqFKw
54,R04Q11,อักษรเบรลล์บนปุ่มกดในลิฟต์,R04,Q11,TA,1,1,2,มีอักษรเบรลล์บนปุ่มกดทั้งหมดในห้องลิฟต์ และมีขนาดปุ่มกดไม่น้อยกว่า 2cm,มีอักษรเบรลล์บนปุ่มกดทั้งหมดในห้องลิฟต์ และมีขนาดปุ่มกดไม่น้อยกว่า 2 ซม.,Q11 : อักษรเบรลล์บนปุ่มกดในลิฟต์,on,no,https://drive.google.com/open?id=1pqGV5hscuu7F3X0jk2gGgi8DeeKIehXs&authuser=nati@satarana.com&usp=drive_fs,http://drive.google.com/uc?export=view&id=1pqGV5hscuu7F3X0jk2gGgi8DeeKIehXs
55,R04Q12,ความสูงราวจับ,R04,Q12,MA,1,2,2,ราวจับในห้องลิฟต์อยู่สูงจากพื้นลิฟต์ 80cm - 90cm,ราวจับในห้องลิฟต์อยู่สูงจากพื้นลิฟต์ 80 ซม. - 90 ซม.,Q12 : ความสูงราวจับ,on,no,https://drive.google.com/open?id=1nvhUh5Ap8NR8rRsX--8aylVAnnyXDbO8&authuser=nati@satarana.com&usp=drive_fs,http://drive.google.com/uc?export=view&id=1nvhUh5Ap8NR8rRsX--8aylVAnnyXDbO8
56,R04Q13,ราวจับ,R04,Q13,MA,1,2,2,ราวจับในห้องลิฟต์ต้องมีลักษณะกลม มีเส้นผ่านศูนย์กลาง 3cm - 4cm (เส้นรอบวง 9.4cm - 12.6cm) พื้นผิวเรียบและไม่ลื่นหรือมีลักษณะที่เป็นอันตราย,ราวจับในห้องลิฟต์ต้องมีลักษณะกลม มีเส้นผ่านศูนย์กลาง 3 ซม. - 4 ซม. (เส้นรอบวง 9.4 ซม. - 12.6 ซม.) พื้นผิวเรียบและไม่ลื่นหรือมีลักษณะที่เป็นอันตราย,Q13 : ราวจับ,on,no,https://drive.google.com/open?id=1oMSkGrDp53aNJ2xT2N4rkgyMJIoDNZ3X&authuser=nati@satarana.com&usp=drive_fs,http://drive.google.com/uc?export=view&id=1oMSkGrDp53aNJ2xT2N4rkgyMJIoDNZ3X
57,R04Q14,เลขบอกชั้น,R04,Q14,VA,1,1,1,ภายในห้องลิฟต์ต้องมีตัวเลขบอกชั้นที่เห็นได้ชัดเจน,ภายในห้องลิฟต์ต้องมีตัวเลขบอกชั้นที่เห็นได้ชัดเจน,Q14 : เลขบอกชั้น,on,no,-,-
58,R04Q15,เสียงบอกชั้น,R04,Q15,AA,1,2,2,ภายในห้องลิฟต์ต้องมีเสียงบอกชั้นที่ได้ยินชัดเจน และมีมากกว่า 1 ภาษา,ภายในห้องลิฟต์ต้องมีเสียงบอกชั้นที่ได้ยินชัดเจน และมีมากกว่า 1 ภาษา,Q15 : เสียงบอกชั้น,on,no,-,-
59,R04Q16,ป้ายบอกชั้นและทิศทาง,R04,Q16,VA,1,1,2,ต้องมีป้ายบอกชั้นและทิศทางหน้าโถงลิฟต์ที่เห็นได้ชัดเจน,ต้องมีป้ายบอกชั้นและทิศทางหน้าโถงลิฟต์ที่เห็นได้ชัดเจน,Q16 : ป้ายบอกชั้นและทิศทาง,on,no,https://drive.google.com/open?id=1prI5CT9AC1AGq8WrsKwfC7cfHJ7-nLnc&authuser=nati@satarana.com&usp=drive_fs,http://drive.google.com/uc?export=view&id=1prI5CT9AC1AGq8WrsKwfC7cfHJ7-nLnc
60,R04Q17,เสียงเตือน,R04,Q17,AA,1,2,2,มีเสียงเตือนเมื่อลิฟต์ขัดข้องสำหรับผู้ใช้ที่ต้องการข้อมูลเตือนภัยด้วยเสียง,มีเสียงเตือนเมื่อลิฟต์ขัดข้องสำหรับผู้ใช้ที่ต้องการข้อมูลเตือนภัยด้วยเสียง,Q17 : เสียงเตือน,on,no,-,-
61,R04Q18,ไฟกะพริบสีแดง,R04,Q18,NH,1,2,2,มีแสงไฟกะพริบสีแดงเตือนภัยสำหรับผู้ใช้ที่ต้องการข้อมูลเตือนภัยด้วยสัญญาณแสง,มีแสงไฟกะพริบสีแดงเตือนภัยสำหรับผู้ใช้ที่ต้องการข้อมูลเตือนภัยด้วยสัญญาณแสง,Q18 : ไฟกะพริบสีแดง,on,no,-,-
62,R04Q19,ไฟกะพริบสีเขียว,R04,Q19,NH,1,2,2,มีแสงไฟกะพริบสีเขียวเพื่อแจ้งให้คนข้างในลิฟต์ทราบว่ามีคนกำลังแก้ไขปัญหาลิฟต์ขัดข้องแล้ว,มีแสงไฟกะพริบสีเขียวเพื่อแจ้งให้คนข้างในลิฟต์ทราบว่ามีคนกำลังแก้ไขปัญหาลิฟต์ขัดข้องแล้ว,Q19 : ไฟกะพริบสีเขียว,on,no,-,-
63,R04Q20,โทรศัพท์ฉุกเฉิน,R04,Q20,SF,1,2,2,มีโทรศัพท์ฉุกเฉินในห้องลิฟต์ อยู่สูงจากพื้น 90cm - 120cm,มีโทรศัพท์ฉุกเฉินในห้องลิฟต์ อยู่สูงจากพื้น 90 ซม. - 120 ซม.,Q20 : โทรศัพท์ฉุกเฉิน,on,no,https://drive.google.com/open?id=1nvhUh5Ap8NR8rRsX--8aylVAnnyXDbO8&authuser=nati@satarana.com&usp=drive_fs,http://drive.google.com/uc?export=view&id=1nvhUh5Ap8NR8rRsX--8aylVAnnyXDbO8
64,R04Q21,ระบบเลื่อนมาจอดระดับพื้นดิน,R04,Q21,SF,3,2,2,มีระบบเลื่อนลิฟต์มาจอดระดับพื้นดินเมื่อไฟฟ้าขัดข้อง,มีระบบเลื่อนลิฟต์มาจอดระดับพื้นดินเมื่อไฟฟ้าขัดข้อง,Q21 : ระบบเลื่อนมาจอดระดับพื้นดิน,on,no,-,-
65,R04Q22,ป้ายสัญลักษณ์บอกตำแหน่งลิฟต์,R04,Q22,VA,1,1,2,มีป้ายสัญลักษณ์หรือตัวอักษรแสดงให้ทราบว่ามีลิฟต์ ขนาดป้ายไม่น้อยกว่า 15cm ใช้สีขาว-น้ำเงินหรือน้ำเงิน-ขาว และมีทั้งภาษาไทยและอังกฤษ,มีป้ายสัญลักษณ์หรือตัวอักษรแสดงให้ทราบว่ามีลิฟต์ ขนาดป้ายไม่น้อยกว่า 15 ซม. ใช้สีขาว-น้ำเงินหรือน้ำเงิน-ขาว และมีทั้งภาษาไทยและอังกฤษ,Q22 : ป้ายสัญลักษณ์บอกตำแหน่งลิฟต์,on,no,https://drive.google.com/open?id=1pv0t6P-IL4fUNhH_jLEn-N_KnmEJFTE8&authuser=nati@satarana.com&usp=drive_fs,http://drive.google.com/uc?export=view&id=1pv0t6P-IL4fUNhH_jLEn-N_KnmEJFTE8
201,R04Q23,ชื่อยี่ห้อและรุ่นของลิฟท์,R04,Q23,SK,0,0,0,-,-,Q23 : ชื่อยี่ห้อและรุ่นของลิฟท์,on,no,,
66,R05Q01,เคาน์เตอร์,R05,Q01,MA,2,2,1,มีเคาน์เตอร์จำหน่ายตั๋วหรือจุดบริการข้อมูลข่าวสารที่สามารถให้บริการแก่คนพิการได้อย่างน้อยหนึ่งจุด,มีเคาน์เตอร์จำหน่ายตั๋วหรือจุดบริการข้อมูลข่าวสารที่สามารถให้บริการแก่คนพิการได้อย่างน้อยหนึ่งจุด,Q01 : เคาน์เตอร์,on,no,https://drive.google.com/open?id=1mFYNXzGHi4pDspXeWUtpmYIxTnzH5tBB&authuser=nati@satarana.com&usp=drive_fs,http://drive.google.com/uc?export=view&id=1mFYNXzGHi4pDspXeWUtpmYIxTnzH5tBB
67,R05Q02,ความสูงเคาน์เตอร์ผู้พิการ,R05,Q02,MA,2,1,1,ความสูงขอบบนของเคาน์เตอร์อยู่ระหว่าง 75cm - 80cm,ความสูงขอบบนของเคาน์เตอร์อยู่ระหว่าง 75 ซม. - 80 ซม.,Q02 : ความสูงเคาน์เตอร์ผู้พิการ,on,no,https://drive.google.com/open?id=1nN_syBfRs4ZROswBBoj0GyIpluphOAzC&authuser=nati%40satarana.com&usp=drive_fs,http://drive.google.com/uc?export=view&id=1nN_syBfRs4ZROswBBoj0GyIpluphOAzC&a
68,R05Q03,ความสูงใต้เคาน์เตอร์ผู้พิการ,R05,Q03,MA,2,1,1,ความสูงของพื้นที่ว่างใต้เคาน์เตอร์อยู่ระหว่าง 70cm - 75cm,ความสูงของพื้นที่ว่างใต้เคาน์เตอร์อยู่ระหว่าง 70 ซม. - 75 ซม.,Q03 : ความสูงใต้เคาน์เตอร์ผู้พิการ,on,no,https://drive.google.com/open?id=1lS7ZSEuCkwtbGNR8WvCQ07VHgWdrSt7l&authuser=nati@satarana.com&usp=drive_fs,http://drive.google.com/uc?export=view&id=1lS7ZSEuCkwtbGNR8WvCQ07VHgWdrSt7l
69,R05Q04,ระยะยื่นใต้เคาน์เตอร์ผู้พิการ,R05,Q04,MA,1,1,1,เคาน์เตอร์ต้องมีส่วนที่ยื่นเลยออกมาไม่น้อยกว่า 40cm,เคาน์เตอร์ต้องมีส่วนที่ยื่นเลยออกมาไม่น้อยกว่า 40 ซม.,Q04 : ระยะยื่นใต้เคาน์เตอร์ผู้พิการ,on,no,https://drive.google.com/open?id=14nBV9Sx2n96lKMAL0kypF57rffh_IOYS&authuser=nati%40satarana.com&usp=drive_fs,http://drive.google.com/uc?export=view&id=14nBV9Sx2n96lKMAL0kypF57rffh_IOYS&a
70,R05Q05,เคาน์เตอร์สีตัดกัน,R05,Q05,VA,1,1,2,เคาน์เตอร์ต้องสีตัดกันกับผนังโดยรอบ,เคาเตอร์มีสีตัดกับผนังโดยรอบ,Q05 : เคาน์เตอร์สีตัดกัน,on,no,-,-
71,R05Q06,ตู้จำหน่ายตั๋ว (ทางการเห็น),R05,Q06,TA,1,1,3,มีตู้จำหน่ายตั๋วที่คนพิการใช้ได้ และมีอักษรเบรลล์กำกับทุกปุ่มกด (แพลตตินัม),มีตู้จำหน่ายตั๋วที่คนพิการใช้ได้ และมีอักษรเบรลล์กำกับทุกปุ่มกด (แพลตตินัม),Q06 : ตู้จำหน่ายตั๋ว (ทางการเห็น),on,no,https://drive.google.com/open?id=1pvrtWZfav961Ccp9HWCSJaNAOAisPciv&authuser=nati@satarana.com&usp=drive_fs,http://drive.google.com/uc?export=view&id=1pvrtWZfav961Ccp9HWCSJaNAOAisPciv
72,R05Q07,ระบบจำหน่ายตั๋วออนไลน์,R05,Q07,AA,1,1,3,มีระบบจำหน่ายตั๋วออนไลน์ที่ผ่านมาตรฐาน WCAG 2.0 ตั้งแต่ระดับ A ขึ้นไป (แพลตตินัม),มีระบบจำหน่ายตั๋วออนไลน์ที่ผ่านมาตรฐาน WCAG 2.0 ตั้งแต่ระดับ A ขึ้นไป (แพลตตินัม),Q07 : ระบบจำหน่ายตั๋วออนไลน์,on,no,-,-
73,R05Q08,ตู้จำหน่ายตั๋ว (รถเข็น),R05,Q08,MA,1,1,3,มีตู้จำหน่ายตั๋วที่คนพิการใช้ได้ สูงจากพื้นไม่เกิน 80cm (แพลตตินัม),มีตู้จำหน่ายตั๋วที่คนพิการใช้ได้ สูงจากพื้นไม่เกิน 80 ซม. (แพลตตินัม),Q08 : ตู้จำหน่ายตั๋ว (รถเข็น),on,no,-,-
74,R05Q09,ตู้ TTRS (ทางการได้ยิน),R05,Q09,NH,1,1,3,มีอุปกรณ์ให้คนพิการทางการได้ยินและสื่อความหมายสามารถใช้บริการล่ามทางไกลเพื่อสื่อสารกับเจ้าหน้าที่ในสถานีได้อย่างน้อย 1 เครื่อง (แพลตตินัม),มีอุปกรณ์ให้คนพิการทางการได้ยินและสื่อความหมายสามารถใช้บริการล่ามทางไกลเพื่อสื่อสารกับเจ้าหน้าที่ในสถานีได้อย่างน้อย 1 เครื่อง (แพลตตินัม),Q09 : ตู้ TTRS (ทางการได้ยิน),on,no,-,-
75,R05Q10,ป้ายสัญลักษณ์ของเคาท์เตอร์,R05,Q10,VA,1,1,1,มีป้ายสัญลักษณ์หรือตัวอักษรแสดงให้ทราบว่ามีเคาน์เตอร์ที่คนพิการสามารถใช้ได้ ขนาดป้ายไม่น้อยกว่า 15cm ใช้ตัวอักษรและสีพื้นขาวน้ำเงินหรือน้ำเงินขาว กรณีใช้ข้อความ มีภาษาไทยและอังกฤษด้วย (กรณีมีเคาน์เตอร์สำหรับคนพิการ),มีป้ายสัญลักษณ์หรือตัวอักษรแสดงให้ทราบว่ามีเคาน์เตอร์ที่คนพิการสามารถใช้ได้ ขนาดป้ายไม่น้อยกว่า 15 ซม. ใช้ตัวอักษรและสีพื้นขาวน้ำเงินหรือน้ำเงินขาว กรณีใช้ข้อความ มีภาษาไทยและอังกฤษด้วย (กรณีมีเคาน์เตอร์สำหรับคนพิการ),Q10 : ป้ายสัญลักษณ์ของเคาท์เตอร์,on,no,https://drive.google.com/open?id=1mFYNXzGHi4pDspXeWUtpmYIxTnzH5tBB&authuser=nati@satarana.com&usp=drive_fs,http://drive.google.com/uc?export=view&id=1mFYNXzGHi4pDspXeWUtpmYIxTnzH5tBB
202,R05Q11,แผนผังสถานี,R05,Q11,AA,1,1,1,-,มีแผนผังสถานีที่รองรับการใช้งานสำหรับผู้พิการทางสายตา และมีความสูงระหว่าง 70-75 ซม.,Q11 : แผนผังสถานี,on,no,https://drive.google.com/open?id=116bH17pqjE6jXsWu26teJhVLX3uGGPsg&authuser=nati%40satarana.com&usp=drive_fs,http://drive.google.com/uc?export=view&id=116bH17pqjE6jXsWu26teJhVLX3uGGPsg&a
203,R05Q12,ประเภทของเคาท์เตอร์,R05,Q12,SK,0,0,0,-,-,,on,no,,
76,R06Q01,ช่องประตูและความกว้าง,R06,Q01,NW,2,4,1,มีช่องประตูทางเข้าสู่พื้นที่ผู้โดยสารที่คนพิการสามารถใช้ได้ และมีความกว้างสุทธิของช่องประตูไม่น้อยกว่า 90cm,ช่องประตูเข้าสู่พื้นที่ภายในที่ผู้พิการสามารถใช้งานได้ มีความกว้างไม่น้อยกว่า 90 ซม.,Q01 : ช่องประตูและความกว้าง,on,no,https://drive.google.com/open?id=1kbDaZBfTH5vCdHbDyYMXj1Zpu9z5Slkd&authuser=nati@satarana.com&usp=drive_fs,http://drive.google.com/uc?export=view&id=1kbDaZBfTH5vCdHbDyYMXj1Zpu9z5Slkd
77,R06Q02,สีตัดกัน,R06,Q02,VA,1,1,2,ช่องประตูทางเข้าต้องมีสีตัดกันของบานประตูกับขอบประตูหรือสิ่งที่อยู่รอบ,ช่องประตูทางเข้าต้องมีสีตัดกันของบานประตูกับขอบประตูหรือสิ่งที่อยู่รอบ,Q02 : สีตัดกัน,on,no,-,-
78,R06Q03,ป้ายสัญลักษณ์,R06,Q03,VA,1,1,1,มีป้ายสัญลักษณ์แสดงช่องประตูทางเข้าสำหรับคนพิการ ขนาดป้ายไม่น้อยกว่า 15cm ใช้สีขาว-น้ำเงินหรีอน้ำเงิน-ขาว และมีทั้งภาษาไทยและอังกฤษ,มีป้ายสัญลักษณ์แสดงช่องประตูทางเข้าสำหรับคนพิการ ขนาดป้ายไม่น้อยกว่า 15 ซม. ใช้สีขาว-น้ำเงินหรีอน้ำเงิน-ขาว และมีทั้งภาษาไทยและอังกฤษ,Q03 : ป้ายสัญลักษณ์,on,no,https://drive.google.com/open?id=1lb3SzD7TLpUlbqtnfAtJ5FcyICIAMxTp&authuser=nati@satarana.com&usp=drive_fs,http://drive.google.com/uc?export=view&id=1lb3SzD7TLpUlbqtnfAtJ5FcyICIAMxTp
204,R06Q04,ธรณีประตู,R06,Q04,NW,1,1,1,-,หากมีธรณีประตู ธรณีประตูต้องสูงไม่เกิน 2 ซม. และปาดมุมไม่เกิน 45 องศา กรณีธรณีประตูสูงเกิน 2 ซม. หากเป็นไปได้ให้นำธรณีประตูออก หรือยกพื้นสองด้านของประตูให้เสมอกันเป็นระยะทางไม่น้อยกว่า 150 ซม. และมีทางลาด (ควรปรึกษาผู้เชี่ยวชาญ),Q04 : ธรณีประตู,on,no,,
205,R06Q05,พื้นที่ว่างด้านหน้าประตู,R06,Q05,NW,2,1,1,-,พื้นที่ว่างด้านหน้าประตูทั้งสองด้านต้องไม่ต่างระดับกัน หากต่างระดับกันไม่เกิน 2 ซม. ให้ปาดมุมไม่เกิน 45 องศา หากต่างระกับกันเกิน 2 ซม. ให้ยกพื้นด้านที่ต่ำกว่าให้สูงเสมอกัน มีความยาวไม่น้อยกว่า 150 ซม. และมีทางลาด,Q05 : พื้นที่ว่างด้านหน้าประตู,on,no,,
206,R06Q06,น้ำหนักการเปิด,R06,Q06,MA,2,1,2,-,ปิดประตู - การเปิด-ปิดประตูต้องใช้แรงเปิด-ปิดน้อย,Q06 : น้ำหนักการเปิด,on,no,,
207,R06Q07,ชนิดของมือจับประตู,R06,Q07,MA,1,1,2,-,กรณีเป็นประตูแบบผลักเข้า-ออก มือจับประตูต้องเป็นชนิดที่สามารถเปิดได้ง่ายด้วยกำปั้นข้างเดียว อยู่สูงจากพื้น 100 ซม. - 120 ซม. (หากไม่ใช่ประตูแบบผลักเข้าออก ข้ามไป Q10),Q07 : ชนิดของมือจับประตู,on,no,,
208,R06Q08,ราวจับแนวนอน,R06,Q08,MA,1,1,2,-,กรณีเป็นประตูแบบผลักเข้าออก ต้องมีราวจับในแนวนอนบนบานประตูด้านใน สูงจากพื้น 80 ซม. - 90 ซม. และยาวไปตามความกว้างของบานประตู (หากไม่ใช่ ข้ามไป Q10),Q08 : ราวจับแนวนอน,on,no,,
209,R06Q09,ประตูบานกระจก,R06,Q09,VA,1,1,2,-,หากประตูเป็นบานกระจกหรือลูกฟัก ให้ติดเครื่องหมายหรือแถบสีที่เห็นได้ชัดเจนไว้บนบานกระจกในระดับที่สังเกตเห็นได้ง่าย (หากไม่ใช่ข้ามไป Q11),Q09 : ประตูบานกระจก,on,no,,
210,R06Q10,ประตูบานเลื่อน,R06,Q10,MA,1,1,2,-,หากเป็นประตูบานเลื่อน ต้องติดตั้งมือจับประตูทั้งด้านในและด้านนอก ปลายล่างสุดอยู่สูงจากพื้นไม่เกิน 80 ซม. ปลายบนสุดอยู่สูงจากพื้นไม่น้อยกว่า 100 ซม. มีลักษณะกลม เส้นผ่านศูนย์กลาง 3 ซม. - 4 ซม. (หรือเส้นรอบวง 9.4 ซม. - 12.6 ซม.) (หากไม่ใช่ข้ามไป Q12),Q10 : ประตูบานเลื่อน,on,no,,
211,R06Q11,ประตูอัตโนมัติ,R06,Q11,MA,2,2,3,-,กรณีเป็นห้องส้วมคนพิการ ให้ใช้ประตูแบบกดปุ่มเปิด-ปิดและล็อคประตูอัตโนมัติ (แพลตตินัม),Q11 : ประตูอัตโนมัติ,on,no,,
212,R06Q13,เลือกรูปแบบประตู,R06,Q13,SK,0,0,0,-,-,,on,no,,
79,R07Q01,ความกว้างของบันได,R07,Q01,MA,3,1,1,หากมีบันได ความกว้างสุทธิของบันไดต้องไม่น้อยกว่า 150cm,หากมีบันได ความกว้างสุทธิของบันไดต้องไม่น้อยกว่า 150 ซม.,Q01 : ความกว้างของบันได,on,no,https://drive.google.com/open?id=1o4IYrGDnzoVfDblALq7h0lo1JZV1Id3g&authuser=nati@satarana.com&usp=drive_fs,http://drive.google.com/uc?export=view&id=1o4IYrGDnzoVfDblALq7h0lo1JZV1Id3g
80,R07Q02,ชานพัก,R07,Q02,MA,3,1,2,หากจุดที่ขึ้นไปมีความต่างระดับมากกว่า 2m ต้องมีชานพักทุกระยะในแนวดิ่งไม่เกิน 2m,หากจุดที่ขึ้นไปมีความต่างระดับมากกว่า 2m ต้องมีชานพักทุกระยะในแนวดิ่งไม่เกิน 2m,Q02 : ชานพัก,on,no,https://drive.google.com/open?id=1q2nHxXCct0ROPZqZIFHoRsvSw7jJqwQa&authuser=nati@satarana.com&usp=drive_fs,http://drive.google.com/uc?export=view&id=1q2nHxXCct0ROPZqZIFHoRsvSw7jJqwQa
81,R07Q03,พื้นผิว,R07,Q03,SF,1,2,1,พื้นผิวของบันไดต้องไม่ลื่น,พื้นผิวของบันไดต้องไม่ลื่น,Q03 : พื้นผิว,on,no,-,-
82,R07Q04,ช่องโล่ง,R07,Q04,SF,2,2,1,บันไดต้องไม่เป็นช่องโล่ง,บันไดต้องไม่เป็นช่องโล่ง,Q04 : ช่องโล่ง,on,no,https://drive.google.com/open?id=1oypuSfoK9y0lkIWaaBp8OrTJBvKcloaa&authuser=nati@satarana.com&usp=drive_fs,http://drive.google.com/uc?export=view&id=1oypuSfoK9y0lkIWaaBp8OrTJBvKcloaa
83,R07Q05,ลูกตั้ง,R07,Q05,MA,3,1,2,ความสูงของลูกตั้งทุกขั้นต้องไม่เกิน 15cm,ความสูงของลูกตั้งทุกขั้นต้องไม่เกิน 15 ซม.,Q05 : ลูกตั้ง,on,no,https://drive.google.com/open?id=1qE_QWdxc8mUwycQQDvx65rePmn5EKQOM&authuser=nati@satarana.com&usp=drive_fs,http://drive.google.com/uc?export=view&id=1qE_QWdxc8mUwycQQDvx65rePmn5EKQOM
84,R07Q06,ลูกนอน,R07,Q06,MA,3,1,2,ความกว้างของลูกนอนต้องไม่น้อยกว่า 28cm (ไม่รวมส่วนที่เหลื่อมกัน),ความกว้างของลูกนอนต้องไม่น้อยกว่า 28 ซม. (ไม่รวมส่วนที่เหลื่อมกัน),Q06 : ลูกนอน,on,no,https://drive.google.com/open?id=1qc7vC5ZIX2oJfqsX0qPZm3brbwPu2HoL&authuser=nati@satarana.com&usp=drive_fs,http://drive.google.com/uc?export=view&id=1qc7vC5ZIX2oJfqsX0qPZm3brbwPu2HoL
85,R07Q07,ระยะเหลื่อมกัน,R07,Q07,MA,1,1,2,มีระยะเหลื่อมกันของบันได แต่ต้องไม่มากกว่า 2cm,มีระยะเหลื่อมกันของบันได แต่ต้องไม่มากกว่า 2 ซม.,Q07 : ระยะเหลื่อมกัน,on,no,https://drive.google.com/open?id=1qdLaG6id_bX19IT9wh_BgjV8FOTKGUSa&authuser=nati@satarana.com&usp=drive_fs,http://drive.google.com/uc?export=view&id=1qdLaG6id_bX19IT9wh_BgjV8FOTKGUSa
86,R07Q08,ป้ายแสดงทิศทาง,R07,Q08,VA,1,1,2,ป้ายแสดงทิศทาง ตำแหน่งและหมายเลขชั้นบริเวณทางขึ้น-ลงบันได,ป้ายแสดงทิศทาง ตำแหน่งและหมายเลขชั้นบริเวณทางขึ้น-ลงบันได,Q08 : ป้ายแสดงทิศทาง,on,no,https://drive.google.com/open?id=1qetZrHrtGId9DO6L8VSOj8MbA6bgvwoR&authuser=nati@satarana.com&usp=drive_fs,http://drive.google.com/uc?export=view&id=1qetZrHrtGId9DO6L8VSOj8MbA6bgvwoR
87,R07Q09,พื้นผิวต่างสัมผัสชนิดเตือน,R07,Q09,TA,1,1,2,ติดตั้งพื้นผิวต่างสัมผัสชนิดเตือนห่างจากจุดขึ้นลงทุกจุด อยู่ห่างจากจุดขึ้นลง 30cm - 35cm กว้าง 30cm และยาวเท่ากับความกว้างของบันได,ติดตั้งพื้นผิวต่างสัมผัสชนิดเตือนห่างจากจุดขึ้นลงทุกจุด อยู่ห่างจากจุดขึ้นลง 30 ซม. - 35 ซม. กว้าง 30 ซม. และยาวเท่ากับความกว้างของบันได,Q09 : พื้นผิวต่างสัมผัสชนิดเตือน,on,no,https://drive.google.com/open?id=1qoWIL-21kqW6kUUzjal-2pWbTvTXyyD6&authuser=nati@satarana.com&usp=drive_fs,http://drive.google.com/uc?export=view&id=1qoWIL-21kqW6kUUzjal-2pWbTvTXyyD6
88,R07Q10,ความสูงของราวบันได,R07,Q10,MA,1,1,1,ราวบันไดทั้งสองข้างต้องอยู่สูงจากพื้น 80cm - 90cm,ราวบันไดทั้งสองข้างต้องอยู่สูงจากพื้น 80 ซม. - 90 ซม.,Q10 : ความสูงของราวบันได,on,no,https://drive.google.com/open?id=1ivrAWpo5ehiDgBkIo3DZxpDhSTOmPqFL&authuser=nati@satarana.com&usp=drive_fs,http://drive.google.com/uc?export=view&id=1ivrAWpo5ehiDgBkIo3DZxpDhSTOmPqFL
89,R07Q11,ขนาดของราวบันได,R07,Q11,MA,1,1,1,ราวบันไดทั้งสองข้างต้องมีลักษณะกลม มีเส้นผ่านศูนย์กลาง 3cm - 4cm (หรือเส้นรอบวง 9.4cm - 12.6cm) พื้นผิวเรียบและไม่ลื่นหรือมีลักษณะที่เป็นอันตราย,ราวบันไดทั้งสองข้างต้องมีลักษณะกลม มีเส้นผ่านศูนย์กลาง 3 ซม. - 4 ซม. (หรือเส้นรอบวง 9.4 ซม. - 12.6 ซม.) พื้นผิวเรียบและไม่ลื่นหรือมีลักษณะที่เป็นอันตราย,Q11 : ขนาดของราวบันได,on,no,https://drive.google.com/open?id=1oMSkGrDp53aNJ2xT2N4rkgyMJIoDNZ3X&authuser=nati@satarana.com&usp=drive_fs,http://drive.google.com/uc?export=view&id=1oMSkGrDp53aNJ2xT2N4rkgyMJIoDNZ3X
90,R07Q12,ราวบันไดที่ยึดติดกับผนัง,R07,Q12,MA,1,1,1,ราวบันไดที่ยึดติดกับผนังต้องอยู่ห่างจากผนังไม่น้อยกว่า 5cm และสูงจากจุดยึดไม่น้อยกว่า 12cm (หากไม่มีข้ามไป Q13),ราวบันไดที่ยึดติดกับผนังต้องอยู่ห่างจากผนังไม่น้อยกว่า 5 ซม. และสูงจากจุดยึดไม่น้อยกว่า 12 ซม.,Q12 : ราวบันไดที่ยึดติดกับผนัง,on,no,https://drive.google.com/open?id=1oMSkGrDp53aNJ2xT2N4rkgyMJIoDNZ3X&authuser=nati@satarana.com&usp=drive_fs,http://drive.google.com/uc?export=view&id=1oMSkGrDp53aNJ2xT2N4rkgyMJIoDNZ3X
91,R07Q13,ความเร็วบันไดเลื่อน,R07,Q13,SF,1,2,3,บันไดเลื่อน (escalator) หรือทางเลื่อน (travelator) ต้องมีความเร็วไม่เกิน 0.5m ต่อ 1 วินาที หรือสามารถปรับความเร็วให้ไม่เกิน 0.5m/วินาที ได้ (แพลตตินัม),บันไดเลื่อน (escalator) หรือทางเลื่อน (travelator) ต้องมีความเร็วไม่เกิน 0.5m ต่อ 1 วินาที หรือสามารถปรับความเร็วให้ไม่เกิน 0.5m/วินาที ได้ (แพลตตินัม),Q13 : ความเร็วบันไดเลื่อน,on,no,-,-
92,R08Q01,ความกว้างของทางเดิน,R08,Q01,NW,2,4,1,ความกว้างสุทธิตลอดช่วงทางเดินต้องไม่น้อยกว่า 150cm,ความกว้างสุทธิตลอดช่วงทางเดินต้องไม่น้อยกว่า 150 ซม.,Q01 : ความกว้างของทางเดิน,on,no,https://drive.google.com/open?id=12Lwzlit9G5L-19G0rjxURuaeGh3S4Zkd&authuser=nati%40satarana.com&usp=drive_fs,http://drive.google.com/uc?export=view&id=12Lwzlit9G5L-19G0rjxURuaeGh3S4Zkd&a
93,R08Q02,สิ่งกีดขวางทางเดิน,R08,Q02,TA,2,1,1,ต้องไม่มีวัตถุหรือสิ่งกีดขวางในระดับพื้นทางเดิน หากมี ต้องจัดให้อยู่ในแนวเดียวกัน มีพื้นผิวต่างสัมผัสชนิดเตือนหรือแนวกั้นสิ่งกีดขวาง ห่างจากสิ่งกีดขวางไม่น้อยกว่า 30cm,ต้องไม่มีวัตถุหรือสิ่งกีดขวางในระดับพื้นทางเดิน หากมี ต้องจัดให้อยู่ในแนวเดียวกัน มีพื้นผิวต่างสัมผัสชนิดเตือนหรือแนวกั้นสิ่งกีดขวาง ห่างจากสิ่งกีดขวางไม่น้อยกว่า 30 ซม.,Q02 : สิ่งกีดขวางทางเดิน,on,no,https://drive.google.com/open?id=1qoWIL-21kqW6kUUzjal-2pWbTvTXyyD6&authuser=nati@satarana.com&usp=drive_fs,http://drive.google.com/uc?export=view&id=1qoWIL-21kqW6kUUzjal-2pWbTvTXyyD6
94,R08Q03,สิ่งกีดขวางระดับศีรษะ,R08,Q03,SF,2,1,1,ต้องไม่มีสิ่งกีดขวางในแนวทางเดินระดับศีรษะ เช่น ป้ายหรือวัตถุที่แขวนระดับศีรษะ หากมี ต้องอยู่สูงจากพื้นไม่น้อยกว่า 2m,ต้องไม่มีสิ่งกีดขวางในแนวทางเดินระดับศีรษะ เช่น ป้ายหรือวัตถุที่แขวนระดับศีรษะ หากมี ต้องอยู่สูงจากพื้นไม่น้อยกว่า 2m,Q03 : สิ่งกีดขวางระดับศีรษะ,on,no,https://drive.google.com/open?id=1pCU2_W-2NfTC55bUS-wIVHDg86OR5cuZ&authuser=nati@satarana.com&usp=drive_fs,http://drive.google.com/uc?export=view&id=1pCU2_W-2NfTC55bUS-wIVHDg86OR5cuZ
95,R08Q04,ความต่างระดับกับภายนอก,R08,Q04,NW,2,2,1,พื้นทางเดินต้องไม่มีความต่างระดับจากพื้นที่อื่นๆ โดยรอบ เช่น ถนนภายนอกอาคาร ลานจอดรถ ฯลฯ หากมีความต่างระดับ ต้องมีทางลาดที่ได้มาตรฐาน,พื้นทางเดินต้องไม่มีความต่างระดับจากพื้นที่อื่นๆ โดยรอบ เช่น ถนนภายนอกอาคาร ลานจอดรถ ฯลฯ หากมีความต่างระดับ ต้องมีทางลาดที่ได้มาตรฐาน,Q04 : ความต่างระดับกับภายนอก,off,no,-,-
96,R08Q05,ความต่างระดับบนทางเดิน,R08,Q05,NW,1,1,1,พื้นผิวของทางเดินต้องเรียบเสมอกันและไม่ลื่น หากมีความต่างระดับกันไม่เกิน 2cm ให้ปาดมุมไม่เกิน 45 องศา หากต่างระดับกันเกิน 2cm ควรยกพื้นให้เสมอกันหรือมีทางลาดที่ได้มาตรฐาน,พื้นผิวของทางเดินต้องเรียบเสมอกันและไม่ลื่น หากมีความต่างระดับกันไม่เกิน 2 ซม. ให้ปาดมุมไม่เกิน 45 องศา หากต่างระดับกันเกิน 2 ซม. ควรยกพื้นให้เสมอกันหรือมีทางลาดที่ได้มาตรฐาน,Q05 : ความต่างระดับบนทางเดิน,on,no,-,-
97,R08Q06,ท่อระบายน้ำหรือรางระบายน้ำ,R08,Q06,NW,1,1,2,หากบนทางเดินมีท่อระบายน้ำหรือรางระบายน้ำ ต้องมีฝาปิดสนิท หากมีตะแกรง ขนาดของรูตะแกรงต้องไม่เกิน 13mm และวางขวางกับทิศทางสัญจร,หากบนทางเดินมีท่อระบายน้ำหรือรางระบายน้ำ ต้องมีฝาปิดสนิท หากมีตะแกรง ขนาดของรูตะแกรงต้องไม่เกิน 13 มม. และวางขวางกับทิศทางสัญจร,Q06 : ท่อระบายน้ำหรือรางระบายน้ำ,on,no,https://drive.google.com/open?id=1jt5ZmHz8haEIVCsuW8uzfcIWQXY4TUoy&authuser=nati@satarana.com&usp=drive_fs,http://drive.google.com/uc?export=view&id=1jt5ZmHz8haEIVCsuW8uzfcIWQXY4TUoy
98,R08Q07,พื้นผิวต่างสัมผัสชนิดเตือน,R08,Q07,TA,1,1,2,หากมีทางเลี้ยวหรือทางแยก ต้องมีพื้นผิวต่างสัมผัสชนิดเตือนครบทุกทางเลี้ยวหรือทางแยก,หากมีทางเลี้ยวหรือทางแยก ต้องมีพื้นผิวต่างสัมผัสชนิดเตือนครบทุกทางเลี้ยวหรือทางแยก,Q07 : พื้นผิวต่างสัมผัสชนิดเตือน,on,no,-,-
99,R08Q08,ราวหรือผนังกันตก,R08,Q08,SF,2,2,2,หากทางเดินมีความต่างระดับจากพื้นโดยรอบ ต้องมีผนังหรือราวกันตกกั้นจุดซึ่งอาจเกิดอันตราย,หากทางเดินมีความต่างระดับจากพื้นโดยรอบ ต้องมีผนังหรือราวกันตกกั้นบริเวณจุดที่ทำให้เกิดอันตราย,Q08 : ราวหรือผนังกันตก,on,no,https://drive.google.com/open?id=1pOpe0l1Lhtitc89saBw4c9ZTchDiuE2g&authuser=nati@satarana.com&usp=drive_fs,http://drive.google.com/uc?export=view&id=1pOpe0l1Lhtitc89saBw4c9ZTchDiuE2g
100,R09Q01,จำนวนห้องส้วมและความกว้างของประตู,R09,Q01,NW,3,4,1,หากสถานีรถไฟฟ้ามีห้องส้วมสำหรับคนทั่วไป ต้องมีห้องส้วมสำหรับคนพิการอย่างน้อย 1 ห้อง และมีความกว้างสุทธิของประตูไม่น้อยกว่า 90cm,หากสถานีมีห้องส้วมสำหรับคนทั่วไป ต้องมีห้องส้วมสำหรับคนพิการอย่างน้อย 1 ห้อง และมีความกว้างสุทธิของประตูไม่น้อยกว่า 90 ซม.,Q01 : จำนวนห้องส้วมและความกว้างของประตู,on,no,https://drive.google.com/open?id=1o_QmhTmAM_Aaf3NV-k3bIZj1WA7fFQ0t&authuser=nati@satarana.com&usp=drive_fs,http://drive.google.com/uc?export=view&id=1o_QmhTmAM_Aaf3NV-k3bIZj1WA7fFQ0t
101,R09Q02,สัญลักษณ์ที่ประตู,R09,Q02,VA,1,1,1,มีสัญลักษณ์รูปคนพิการที่ประตูห้องส้วม ขนาดไม่น้อยกว่า 15cm ใช้สีขาว-น้ำเงินหรือน้ำเงิน-ขาว,มีสัญลักษณ์รูปคนพิการที่ประตูห้องส้วม ขนาดไม่น้อยกว่า 15 ซม. ใช้สีขาว-น้ำเงินหรือน้ำเงิน-ขาว,Q02 : สัญลักษณ์ที่ประตู,on,no,https://drive.google.com/open?id=1k_WL6r8HCHV-O4qIkkHsshfQfoBG5RPq&authuser=nati@satarana.com&usp=drive_fs,http://drive.google.com/uc?export=view&id=1k_WL6r8HCHV-O4qIkkHsshfQfoBG5RPq
102,R09Q03,สีตัดกันของประตู,R09,Q03,VA,1,1,2,บานประตูหรือขอบประตูต้องมีสีตัดกันกับกำแพง,บานประตูหรือขอบประตูต้องมีสีตัดกันกับกำแพง,Q03 : สีตัดกันของประตู,on,no,-,-
103,R09Q04,ธรณีประตู,R09,Q04,NW,1,1,1,หากมีธรณีประตู ธรณีประตูต้องสูงไม่เกิน 2cm และปาดมุมไม่เกิน 45 องศา กรณีธรณีประตูสูงเกิน 2cm หากเป็นไปได้ให้นำธรณีประตูออก หรือยกพื้นสองด้านของประตูให้เสมอกันเป็นระยะทางไม่น้อยกว่า 150cm และมีทางลาด (ควรปรึกษาผู้เชี่ยวชาญ),หากมีธรณีประตู ธรณีประตูต้องสูงไม่เกิน 2 ซม. และปาดมุมไม่เกิน 45 องศา กรณีธรณีประตูสูงเกิน 2 ซม. หากเป็นไปได้ให้นำธรณีประตูออก หรือยกพื้นสองด้านของประตูให้เสมอกันเป็นระยะทางไม่น้อยกว่า 150 ซม. และมีทางลาด (ควรปรึกษาผู้เชี่ยวชาญ),Q04 : ธรณีประตู,on,no,https://drive.google.com/open?id=1qptxcdbQ1u6WUDeQC3y4mz4s6CUVcl9k&authuser=nati@satarana.com&usp=drive_fs,http://drive.google.com/uc?export=view&id=1qptxcdbQ1u6WUDeQC3y4mz4s6CUVcl9k
104,R09Q05,พื้นที่ว่างด้านหน้าประตู,R09,Q05,NW,2,1,1,พื้นที่ว่างด้านหน้าประตูทั้งสองด้านต้องไม่ต่างระดับกัน หากต่างระดับกันไม่เกิน 2cm ให้ปาดมุมไม่เกิน 45 องศา หากต่างระกับกันเกิน 2cm ให้ยกพื้นด้านที่ต่ำกว่าให้สูงเสมอกัน มีความยาวไม่น้อยกว่า 150cm และมีทางลาด,พื้นที่ว่างด้านหน้าประตูทั้งสองด้านต้องไม่ต่างระดับกัน หากต่างระดับกันไม่เกิน 2 ซม. ให้ปาดมุมไม่เกิน 45 องศา หากต่างระกับกันเกิน 2 ซม. ให้ยกพื้นด้านที่ต่ำกว่าให้สูงเสมอกัน มีความยาวไม่น้อยกว่า 150 ซม. และมีทางลาด,Q05 : พื้นที่ว่างด้านหน้าประตู,on,no,https://drive.google.com/open?id=1cgplqbGP5siXVt259pa1I2QedZJuY4UL&authuser=nati%40satarana.com&usp=drive_fs,http://drive.google.com/uc?export=view&id=1cgplqbGP5siXVt259pa1I2QedZJuY4UL&a
105,R09Q06,น้ำหนักการเปิด,R09,Q06,MA,2,1,2,ปิดประตู - การเปิด-ปิดประตูต้องใช้แรงเปิด-ปิดน้อย,ปิดประตู - การเปิด-ปิดประตูต้องใช้แรงเปิด-ปิดน้อย,Q06 : น้ำหนักการเปิด,on,no,-,-
106,R09Q07,ชนิดของมือจับประตู,R09,Q07,MA,1,1,2,กรณีเป็นประตูแบบผลักเข้า-ออก มือจับประตูต้องเป็นชนิดที่สามารถเปิดได้ง่ายด้วยกำปั้นข้างเดียว อยู่สูงจากพื้น 100cm - 120cm (หากไม่ใช่ประตูแบบผลักเข้าออก ข้ามไป Q10),กรณีเป็นประตูแบบผลักเข้า-ออก มือจับประตูต้องเป็นชนิดที่สามารถเปิดได้ง่ายด้วยกำปั้นข้างเดียว อยู่สูงจากพื้น 100 ซม. - 120 ซม. (หากไม่ใช่ประตูแบบผลักเข้าออก ข้ามไป Q10),Q07 : ชนิดของมือจับประตู,on,no,https://drive.google.com/open?id=1qvb2FYT2KV1GXQwM_4Jj-Aa-wrAwFzMi&authuser=nati@satarana.com&usp=drive_fs,http://drive.google.com/uc?export=view&id=1qvb2FYT2KV1GXQwM_4Jj-Aa-wrAwFzMi
107,R09Q08,ราวจับแนวนอน,R09,Q08,MA,1,1,2,กรณีเป็นประตูแบบผลักเข้าออก ต้องมีราวจับในแนวนอนบนบานประตูด้านใน สูงจากพื้น 80cm - 90cm และยาวไปตามความกว้างของบานประตู (หากไม่ใช่ ข้ามไป Q10),กรณีเป็นประตูแบบผลักเข้าออก ต้องมีราวจับในแนวนอนบนบานประตูด้านใน สูงจากพื้น 80 ซม. - 90 ซม. และยาวไปตามความกว้างของบานประตู (หากไม่ใช่ ข้ามไป Q10),Q08 : ราวจับแนวนอน,on,no,https://drive.google.com/open?id=1r0-jc9ypGwLigN0YIsfa08pQyiTfDGay&authuser=nati@satarana.com&usp=drive_fs,http://drive.google.com/uc?export=view&id=1r0-jc9ypGwLigN0YIsfa08pQyiTfDGay
108,R09Q09,ประตูบานกระจก,R09,Q09,VA,1,1,2,หากประตูเป็นบานกระจกหรือลูกฟัก ให้ติดเครื่องหมายหรือแถบสีที่เห็นได้ชัดเจนไว้บนบานกระจกในระดับที่สังเกตเห็นได้ง่าย (หากไม่ใช่ข้ามไป Q11),หากประตูเป็นบานกระจกหรือลูกฟัก ให้ติดเครื่องหมายหรือแถบสีที่เห็นได้ชัดเจนไว้บนบานกระจกในระดับที่สังเกตเห็นได้ง่าย (หากไม่ใช่ข้ามไป Q11),Q09 : ประตูบานกระจก,on,no,https://drive.google.com/open?id=13fxXukwy4lcACPyRg7uQ-VLAz12yFQvH&authuser=nati%40satarana.com&usp=drive_fs,http://drive.google.com/uc?export=view&id=13fxXukwy4lcACPyRg7uQ-VLAz12yFQvH&a
109,R09Q10,ประตูบานเลื่อน,R09,Q10,MA,1,1,2,หากเป็นประตูบานเลื่อน ต้องติดตั้งมือจับประตูทั้งด้านในและด้านนอก ปลายล่างสุดอยู่สูงจากพื้นไม่เกิน 80cm ปลายบนสุดอยู่สูงจากพื้นไม่น้อยกว่า 100cm มีลักษณะกลม เส้นผ่านศูนย์กลาง 3cm - 4cm (หรือเส้นรอบวง 9.4cm - 12.6cm) (หากไม่ใช่ข้ามไป Q12),หากเป็นประตูบานเลื่อน ต้องติดตั้งมือจับประตูทั้งด้านในและด้านนอก ปลายล่างสุดอยู่สูงจากพื้นไม่เกิน 80 ซม. ปลายบนสุดอยู่สูงจากพื้นไม่น้อยกว่า 100 ซม. มีลักษณะกลม เส้นผ่านศูนย์กลาง 3 ซม. - 4 ซม. (หรือเส้นรอบวง 9.4 ซม. - 12.6 ซม.) (หากไม่ใช่ข้ามไป Q12),Q10 : ประตูบานเลื่อน,on,no,-,-
110,R09Q11,ประตูอัตโนมัติ,R09,Q11,MA,2,2,3,กรณีเป็นห้องส้วมคนพิการ ให้ใช้ประตูแบบกดปุ่มเปิด-ปิดและล็อคประตูอัตโนมัติ (แพลตตินัม),กรณีเป็นห้องส้วมคนพิการ ให้ใช้ประตูแบบกดปุ่มเปิด-ปิดและล็อคประตูอัตโนมัติ (แพลตตินัม),Q11 : ประตูอัตโนมัติ,on,no,-,-
111,R09Q12,อักษรเบรลล์แสดงเพศ,R09,Q12,TA,1,1,2,ในห้องส้วมทั่วไปที่แยกตามเพศ ต้องมีอักษรเบรลล์แสดงเพศหรืออื่นๆ ตามความจำเป็น,ในห้องส้วมทั่วไปที่แยกตามเพศ ต้องมีอักษรเบรลล์แสดงเพศหรืออื่นๆ ตามความจำเป็น,Q12 : อักษรเบรลล์แสดงเพศ,on,no,-,-
112,R09Q13,พื้นที่หมุนตัว,R09,Q13,NW,3,4,1,พื้นที่สำหรับให้รถเข็นหมุนตัวในห้องส้วมต้องมีเส้นผ่านศูนย์กลางไม่น้อยกว่า 150cm,พื้นที่สำหรับให้รถเข็นหมุนตัวในห้องส้วมต้องมีเส้นผ่านศูนย์กลางไม่น้อยกว่า 150 ซม.,Q13 : พื้นที่หมุนตัว,on,no,https://drive.google.com/open?id=1k_r1JtPe7E2sUR2LrUeKzpdoaH5KWZix&authuser=nati@satarana.com&usp=drive_fs,http://drive.google.com/uc?export=view&id=1k_r1JtPe7E2sUR2LrUeKzpdoaH5KWZix
113,R09Q14,พื้นผิวห้องส้วม,R09,Q14,SF,1,2,2,พื้นผิวห้องส้วมเป็นพื้นผิวไม่ลื่น พื้นห้องส้วมลาดเอียงเพื่อระบายน้ำให้พื้นแห้ง สะอาดและถูกสุขลักษณะ,พื้นผิวห้องส้วมเป็นพื้นผิวไม่ลื่น พื้นห้องส้วมลาดเอียงเพื่อระบายน้ำให้พื้นแห้ง สะอาดและถูกสุขลักษณะ,Q14 : พื้นผิวห้องส้วม,on,no,-,-
114,R09Q15,สวิตช์ไฟ,R09,Q15,MA,1,1,2,สวิตช์ไฟและปุ่มกดต่างๆ ในห้องส้วมทั้งหมดสูงจากพื้น 100cm - 120cm (หากไม่มีข้ามไป Q17),สวิตช์ไฟและปุ่มกดต่างๆ ในห้องส้วมทั้งหมดสูงจากพื้น 100 ซม. - 120 ซม.,Q15 : สวิตช์ไฟ,on,no,-,-
115,R09Q16,โถส้วม,R09,Q16,MA,2,1,2,โถส้วม สูงจากพื้น 45cm - 50cm มีระยะกึ่งกลางจากโถส้วมถึงผนัง 45cm - 50cm (วัดจากผนังที่ใกล้ที่สุด) และมีพนักพิงหลังที่ไม่ใช่ฝาปิดโถส้วม (หากไม่มีข้ามไป Q19),โถส้วม สูงจากพื้น 45 ซม. - 50 ซม. มีระยะกึ่งกลางจากโถส้วมถึงผนัง 45 ซม. - 50 ซม. (วัดจากผนังที่ใกล้ที่สุด) และมีพนักพิงหลังที่ไม่ใช่ฝาปิดโถส้วม,Q16 : โถส้วม,on,no,https://drive.google.com/open?id=1ih2YEE3zYlw9nhEiZlyWMt3F7sr57sUG&authuser=nati@satarana.com&usp=drive_fs,http://drive.google.com/uc?export=view&id=1ih2YEE3zYlw9nhEiZlyWMt3F7sr57sUG
116,R09Q17,ที่ปล่อยน้ำ,R09,Q17,MA,1,1,2," ที่ปล่อยน้ำเป็นชนิดคันโยก
เช่น เป็นปุ่มกดขนาดใหญ่ หรือเป็นชนิดอื่นๆ ที่คนพิการและคนชราใช้ได้สะดวก"," ที่ปล่อยน้ำเป็นชนิดคันโยก
เช่น เป็นปุ่มกดขนาดใหญ่ หรือเป็นชนิดอื่นๆ ที่คนพิการและคนชราใช้ได้สะดวก",Q17 : ที่ปล่อยน้ำ,on,no,-,-
117,R09Q18,ราวจับแนวนอน (ชิดผนัง),R09,Q18,MA,1,2,1,ราวจับในแนวนอนด้านที่ชิดผนัง สูงจากพื้น 65cm - 75cm ห่างจากผนังไม่น้อยกว่า 5cm ยื่นล้ำในแนวนอนเลยโถส้วม 25cm - 30cm ขนาดเส้นผ่านศูนย์กลาง 3cm - 4cm และมีลักษณะกลม,ราวจับในแนวนอนด้านที่ชิดผนัง สูงจากพื้น 65 ซม. - 75 ซม. ห่างจากผนังไม่น้อยกว่า 5 ซม. ยื่นล้ำในแนวนอนเลยโถส้วม 25 ซม. - 30 ซม. ขนาดเส้นผ่านศูนย์กลาง 3 ซม. - 4 ซม. และมีลักษณะกลม,Q18 : ราวจับแนวนอน (ชิดผนัง),on,no,https://drive.google.com/open?id=1lJQcrnzMcAkTM2K0T_nnhHCbPLI_E6F4&authuser=nati@satarana.com&usp=drive_fs,http://drive.google.com/uc?export=view&id=1lJQcrnzMcAkTM2K0T_nnhHCbPLI_E6F4
118,R09Q19,ราวจับแนวดิ่ง (ชิดผนัง),R09,Q19,MA,1,2,1,ราวจับในแนวดิ่งด้านที่ชิดผนัง ต้องสูงต่อเนื่องจากราวจับในแนวนอนขึ้นไปไม่น้อยกว่า 60cm ห่างจากผนัง >=5cm ขนาดเส้นผ่านศูนย์กลาง 3cm - 4cm และมีลักษณะกลม,ราวจับในแนวดิ่งด้านที่ชิดผนัง ต้องสูงต่อเนื่องจากราวจับในแนวนอนขึ้นไปไม่น้อยกว่า 60 ซม. ห่างจากผนังมากกว่า 5 ซม. ขนาดเส้นผ่านศูนย์กลาง 3 ซม. - 4 ซม. และมีลักษณะกลม,Q19 : ราวจับแนวดิ่ง (ชิดผนัง),on,no,https://drive.google.com/open?id=1ih2YEE3zYlw9nhEiZlyWMt3F7sr57sUG&authuser=nati@satarana.com&usp=drive_fs,http://drive.google.com/uc?export=view&id=1ih2YEE3zYlw9nhEiZlyWMt3F7sr57sUG
119,R09Q20,ราวจับข้างโถส้วม,R09,Q20,MA,1,2,1,ราวจับข้างโถส้วมด้านที่ไม่ชิดผนังอยู่สูงจากพื้น 80cm - 90cm พับเก็บได้ในแนวราบหรือแนวดิ่ง มีความยาวไม่น้อยกว่า 55cm อยู่ห่างจากขอบโถส้วม 15cm - 20cm  ขนาดเส้นผ่านศูนย์กลาง 3cm - 4cm และมีลักษณะกลม,ราวจับข้างโถส้วมด้านที่ไม่ชิดผนังอยู่สูงจากพื้น 80 ซม. - 90 ซม. พับเก็บได้ในแนวราบหรือแนวดิ่ง มีความยาวไม่น้อยกว่า 55 ซม. อยู่ห่างจากขอบโถส้วม 15 ซม. - 20 ซม.  ขนาดเส้นผ่านศูนย์กลาง 3 ซม. - 4 ซม. และมีลักษณะกลม,Q20 : ราวจับข้างโถส้วม,on,no,https://drive.google.com/open?id=1lJQcrnzMcAkTM2K0T_nnhHCbPLI_E6F4&authuser=nati@satarana.com&usp=drive_fs,http://drive.google.com/uc?export=view&id=1lJQcrnzMcAkTM2K0T_nnhHCbPLI_E6F4
120,R09Q21,ความสูงอ่างล้างมือ,R09,Q21,MA,1,1,2,อ่างล้างมืออยู่สูงจากพื้น 75cm - 80cm (หากไม่มีข้ามไป Q25),อ่างล้างมืออยู่สูงจากพื้น 75 ซม. - 80 ซม. (หากไม่มีข้ามไป Q25),Q21 : ความสูงอ่างล้างมือ,on,no,https://drive.google.com/open?id=1ih2YEE3zYlw9nhEiZlyWMt3F7sr57sUG&authuser=nati@satarana.com&usp=drive_fs,http://drive.google.com/uc?export=view&id=1ih2YEE3zYlw9nhEiZlyWMt3F7sr57sUG
121,R09Q22,ระยะสอดเข่า,R09,Q22,MA,1,1,2,ความสูงของใต้ขอบอ่างล้างมือต้องไม่น้อยกว่า 70cm และความลึกของระยะสอดเข่าไม่น้อยกว่า 45cm,ความสูงของใต้ขอบอ่างล้างมือต้องไม่น้อยกว่า 70 ซม. และความลึกของระยะสอดเข่าไม่น้อยกว่า 45 ซม.,Q22 : ระยะสอดเข่า,on,no,https://drive.google.com/open?id=1kr-9qj9om7fVAG-chfMCo81eZENLqgeC&authuser=nati%40satarana.com&usp=drive_fs,http://drive.google.com/uc?export=view&id=1kr-9qj9om7fVAG-chfMCo81eZENLqgeC&a
122,R09Q23,ราวจับข้างอ่างล้างมือ,R09,Q23,MA,1,1,2,ราวจับข้างอ่างล้างมือเป็นชนิดพับเก็บได้ในแนวดิ่งทั้งสองข้าง,ราวจับข้างอ่างล้างมือเป็นชนิดพับเก็บได้ในแนวดิ่งทั้งสองข้าง,Q23 : ราวจับข้างอ่างล้างมือ,on,no,https://drive.google.com/open?id=1bdHIcdqO2toUocDsey0j_8rx2xQPEM6l&authuser=nati%40satarana.com&usp=drive_fs,http://drive.google.com/uc?export=view&id=1bdHIcdqO2toUocDsey0j_8rx2xQPEM6l&a
123,R09Q24,ก๊อกน้ำ,R09,Q24,MA,1,1,1,ก๊อกน้ำที่อ่างล้างมือต้องเป็นชนิดที่สามารถใช้กำปั้นข้างเดียวเปิด-ปิดได้,ก๊อกน้ำที่อ่างล้างมือต้องเป็นชนิดที่สามารถใช้กำปั้นข้างเดียวเปิด-ปิดได้,Q24 : ก๊อกน้ำ,on,no,-,-
124,R09Q25,สัญญาณแสงแจ้งภัย,R09,Q25,NH,1,2,2,มีระบบสัญญาณแสงให้คนภายนอกแจ้งภัยแก่คนที่อยู่ในห้องส้วมที่ต้องการการแจ้งภัยด้วยการสัญญาณแสงแทนเสียง,มีระบบสัญญาณแสงให้คนภายนอกแจ้งภัยแก่คนที่อยู่ในห้องส้วมที่ต้องการการแจ้งภัยด้วยการสัญญาณแสงแทนเสียง,Q25 : สัญญาณแสงแจ้งภัย,on,no,-,-
125,R09Q26,สัญญาณเสียงแจ้งภัย,R09,Q26,AA,1,2,2,มีระบบสัญญาณเสียงให้คนภายนอกแจ้งภัยแก่คนที่อยู่ในห้องส้วม,มีระบบสัญญาณเสียงให้คนภายนอกแจ้งภัยแก่คนที่อยู่ในห้องส้วม,Q26 : สัญญาณเสียงแจ้งภัย,on,no,-,-
126,R09Q27,เมื่อมีเหตุฉุกเฉิน,R09,Q27,SF,1,2,2,เมื่อเกิดเหตุฉุกเฉิน มีระบบให้สามารถเรียกหาผู้ช่วยจากภายในห้องส้วมได้ เช่น สายดึงแจ้งเหตุหรือปุ่มกด อยู่สูงจากพื้นไม่เกิน 30cm สามารถขอความช่วยเหลือได้ทั้งสัญญานแสงและเสียง,เมื่อเกิดเหตุฉุกเฉิน มีระบบให้สามารถเรียกหาผู้ช่วยจากภายในห้องส้วมได้ เช่น สายดึงแจ้งเหตุหรือปุ่มกด อยู่สูงจากพื้นไม่เกิน 30 ซม. สามารถขอความช่วยเหลือได้ทั้งสัญญานแสงและเสียง,Q27 : เมื่อมีเหตุฉุกเฉิน,on,no,https://drive.google.com/open?id=1lJQcrnzMcAkTM2K0T_nnhHCbPLI_E6F4&authuser=nati@satarana.com&usp=drive_fs,http://drive.google.com/uc?export=view&id=1lJQcrnzMcAkTM2K0T_nnhHCbPLI_E6F4
127,R09Q28,โถปัสสาวะชาย,R09,Q28,MA,2,1,2,ในห้องน้ำชายทั่วไป ต้องมีจำนวนที่ถ่ายปัสสาวะที่มีระดับเสมอพื้นตั้งแต่ 1 ตัวขึ้นไป,ในห้องน้ำชายทั่วไป ต้องมีจำนวนที่ถ่ายปัสสาวะที่มีระดับเสมอพื้นตั้งแต่ 1 ตัวขึ้นไป,Q28 : โถปัสสาวะชาย,on,no,-,-
128,R09Q29,ราวจับด้านบน,R09,Q29,MA,1,1,2,ราวจับด้านบนโถปัสสาวะ สูงจากพื้น 120cm - 130cm ความยาวของราวจับด้านบนโถปัสสาวะ 50cm - 60cm ขนาดเส้นผ่านศูนย์กลาง 3cm - 4cm และมีลักษณะกลม,ราวจับด้านบนโถปัสสาวะ สูงจากพื้น 120 ซม. - 130 ซม. ความยาวของราวจับด้านบนโถปัสสาวะ 50 ซม. - 60 ซม. ขนาดเส้นผ่านศูนย์กลาง 3 ซม. - 4 ซม. และมีลักษณะกลม,Q29 : ราวจับด้านบน,on,no,https://drive.google.com/open?id=1ozujBzcv5L2o-1FR8FQit_COKo6ISg_w&authuser=nati@satarana.com&usp=drive_fs,http://drive.google.com/uc?export=view&id=1ozujBzcv5L2o-1FR8FQit_COKo6ISg_w
129,R09Q30,ราวจับด้านข้าง,R09,Q30,MA,1,1,2,ราวจับด้านข้างโถปัสสาวะสูงจากพื้น 80cm - 100cm ยื่นจากผนัง 45cm - 60cm ขนาดเส้นผ่านศูนย์กลาง 3cm - 4cm และมีลักษณะกลม,ราวจับด้านข้างโถปัสสาวะสูงจากพื้น 80 ซม. - 100 ซม. ยื่นจากผนัง 45 ซม. - 60 ซม. ขนาดเส้นผ่านศูนย์กลาง 3 ซม. - 4 ซม. และมีลักษณะกลม,Q30 : ราวจับด้านข้าง,on,no,https://drive.google.com/open?id=1dY8xzSItI5Z1JB0oNFr-adr1LxTl-mzM&authuser=nati%40satarana.com&usp=drive_fs,http://drive.google.com/uc?export=view&id=1dY8xzSItI5Z1JB0oNFr-adr1LxTl-mzM&a
130,R09Q31,ป้ายสัญลักษณ์,R09,Q31,MA,1,1,2,มีป้ายสัญลักษณ์หรือตัวอักษรแสดงทิศทางให้ทราบว่ามีห้องส้วมคนพิการจัดไว้ ขนาดป้ายไม่น้อยกว่า 15cm ใช้สีขาว-น้ำเงินหรือน้ำเงิน-ขาว มีทั้งภาษาไทยและอังกฤษ,มีป้ายสัญลักษณ์หรือตัวอักษรแสดงทิศทางให้ทราบว่ามีห้องส้วมคนพิการจัดไว้ ขนาดป้ายไม่น้อยกว่า 15 ซม. ใช้สีขาว-น้ำเงินหรือน้ำเงิน-ขาว มีทั้งภาษาไทยและอังกฤษ,Q31 : ป้ายสัญลักษณ์,on,no,https://drive.google.com/open?id=1oRbAx47ljQJ7dav35v0VvSm9s52Qm5ZY&authuser=nati@satarana.com&usp=drive_fs,http://drive.google.com/uc?export=view&id=1oRbAx47ljQJ7dav35v0VvSm9s52Qm5ZY
213,R09Q32,เลือกรูปแบบประตูห้องน้ำ,R09,Q32,SK,0,0,0,-,-,,on,no,,
131,R10Q01,จำนวนของช่องจอด,R10,Q01,NW,2,4,1," หากมีที่จอดรถทั่วไป ต้องมีที่จอดรถคนพิการตามสัดส่วนดังนี้
DP = 2+(P-101)/100
DP = จำนวนที่จอดรถคนพิการ (ปัดเศษขึ้นถ้าทศนิยม>=0.5)
P = จำนวนที่จอดรถทั่วไป",หากมีที่จอดรถทั่วไป ต้องมีที่จอดรถคนพิการตามตาราง,Q01 : จำนวนของช่องจอด,on,no,https://drive.google.com/open?id=1jLy1p2Pa91oedcs5n57iaTbSBjLKS9U-&authuser=nati@satarana.com&usp=drive_fs,http://drive.google.com/uc?export=view&id=1jLy1p2Pa91oedcs5n57iaTbSBjLKS9U-
132,R10Q02,ระยะห่าง,R10,Q02,MA,2,1,2,ระยะห่างของที่จอดรถคนพิการถึงทางเข้าที่ใกล้ที่จุดต้องไม่เกิน 50m,ระยะห่างของที่จอดรถคนพิการถึงทางเข้าที่ใกล้ที่สุดต้องไม่เกิน 50 เมตร,Q02 : ระยะห่าง,on,no,-,-
133,R10Q03,การวางตำแหน่ง,R10,Q03,SF,1,2,2,การวางตำแหน่งที่จอดรถคนพิการต้องไม่ขนานกับทางเดินรถ,การวางตำแหน่งที่จอดรถคนพิการต้องไม่ขนานกับทางเดินรถ,Q03 : การวางตำแหน่ง,on,no,-,-
134,R10Q04,โลโก้,R10,Q04,VA,1,1,1,โลโก้คนพิการบนพื้นที่จอดรถ ต้องมีขนาดไม่น้อยกว่า 90cm ใช้สีน้ำเงิน-ขาวหรือขาว-น้ำเงิน  เห็นได้ชัดเจน และอยู่ค่อนมาทางแนวทางเดินเพื่อให้มองเห็นได้เวลามีรถมาจอด,โลโก้คนพิการบนพื้นที่จอดรถ ต้องมีขนาดไม่น้อยกว่า 90 ซม. ใช้สีน้ำเงิน-ขาวหรือขาว-น้ำเงิน  เห็นได้ชัดเจน และอยู่ค่อนมาทางแนวทางเดินเพื่อให้มองเห็นได้เวลามีรถมาจอด,Q04 : โลโก้,on,no,https://drive.google.com/open?id=1hyDIi4Vq93z2qPkTRrpWUUYq-dNZ6LoL&authuser=nati%40satarana.com&usp=drive_fs,http://drive.google.com/uc?export=view&id=1hyDIi4Vq93z2qPkTRrpWUUYq-dNZ6LoL&a
135,R10Q05,ขนาดของที่จอดรถ,R10,Q05,MA,1,2,1,ขนาดของที่จอดรถ ต้องมีความกว้างไม่น้อยกว่า 2.4m และยาวไม่น้อยกว่า 6m (ไม่รวมเส้นขอบ),ขนาดของที่จอดรถ ต้องมีความกว้างไม่น้อยกว่า 2.4 เมตร และยาวไม่น้อยกว่า 6 เมตร (ไม่รวมเส้นขอบ),Q05 : ขนาดของที่จอดรถ,on,no,https://drive.google.com/open?id=1tFroAi3WJu9ZCxCKX_irLoeRJqA9w2eE&authuser=nati%40satarana.com&usp=drive_fs,http://drive.google.com/uc?export=view&id=1tFroAi3WJu9ZCxCKX_irLoeRJqA9w2eE&a
136,R10Q06,ที่ว่างข้างที่จอดรถ,R10,Q06,NW,1,2,1,ความกว้างของที่ว่างข้างที่จอดรถต้องไม่น้อยกว่า 1m (ไม่รวมเส้นขอบ) และตีเส้นแสดงหรือทาสีให้ทราบอย่างชัดเจน,ความกว้างของที่ว่างข้างที่จอดรถทั้งสองฝั่งต้องไม่น้อยกว่า 1 เมตร (ไม่รวมเส้นขอบ) และตีเส้นแสดงหรือทาสีให้ทราบอย่างชัดเจน,Q06 : ที่ว่างข้างที่จอดรถ,on,no,https://drive.google.com/open?id=1sQaeHEBzZLUOUZVYHR_mfNrTG4xXhvVP&authuser=nati%40satarana.com&usp=drive_fs,http://drive.google.com/uc?export=view&id=1sQaeHEBzZLUOUZVYHR_mfNrTG4xXhvVP&a
137,R10Q07,ป้ายแนวตั้ง,R10,Q07,VA,1,1,2,ป้ายแนวตั้งแสดงที่จอดรถคนพิการต้องอยู่สูงจากพื้นไม่น้อยกว่า 2m มีขนาดไม่น้อยกว่า 30cm ใช้สีน้ำเงิน-ขาวหรือน้ำเงิน-ขาว และสามารถมองเห็นได้ชัดเจน,ป้ายแนวตั้งแสดงที่จอดรถคนพิการอยู่สูงจากพื้นไม่น้อยกว่า 2m มีขนาดไม่น้อยกว่า 30 ซม. ใช้สีน้ำเงิน-ขาวหรือน้ำเงิน-ขาว และสามารถมองเห็นได้ชัดเจน,Q07 : ป้ายแนวตั้ง,on,no,https://drive.google.com/open?id=1sQaeHEBzZLUOUZVYHR_mfNrTG4xXhvVP,http://drive.google.com/uc?export=view&id=1sQaeHEBzZLUOUZVYHR_mfNrTG4xXhvVP
138,R10Q08,ป้ายสัญลักษณ์ของที่จอดรถผู้พิการ,R10,Q08,MA,1,1,2,มีป้ายสัญลักษณ์และตัวอักษรแสดงให้ทราบว่ามีที่จอดรถคนพิการ ขนาดป้ายไม่น้อยกว่า 15cm ใช้สีขาว-น้ำเงินหรือน้ำเงิน-ขาว และมีทั้งภาษาไทยและอังกฤษ (หากไม่เข้าเกณฑ์ จบ),"1.มีป้ายแสดงให้ทราบว่ามีที่จอดรถคนพิการ
2.ป้ายมีขนาด 15 ซม. ขึ้นไป ใช้สีน้ำเงิน-ขาว มีทั้งสัญลักษณ์ อักษรภาษาไทยและอังกฤษ",Q08 : ป้ายสัญลักษณ์ของที่จอดรถผู้พิการ,on,no,-,-
139,R11Q01,จำนวนตู้โทรศัพท์ผู้พิการ,R11,Q01,MA,1,1,2,ในบริเวณที่มีบริการโทรศัพท์สาธารณะ ควรมีโทรศัพท์สำหรับคนพิการอย่างน้อย 1 เครื่อง,บริเวณที่มีบริการโทรศัพท์สาธารณะ มีโทรศัพท์สำหรับคนพิการ อย่างน้อย 1 เครื่อง,Q01 : จำนวนตู้โทรศัพท์ผู้พิการ,on,no,https://drive.google.com/open?id=1mNeuuqvCrfJsVFvjPSpY7KM5Z1V5Q5os,http://drive.google.com/uc?export=view&id=1mNeuuqvCrfJsVFvjPSpY7KM5Z1V5Q5os
140,R11Q02,จำนวนตู้โทรศัพท์ผู้พิการทางการได้ยิน (TTRS),R11,Q02,NH,1,1,2,ในบริเวณที่มีบริการโทรศัพท์สาธารณะ ควรมีโทรศัพท์สำหรับคนพิการทางการได้ยินหรือสื่อความหมายอย่างน้อย 1 เครื่อง,ในบริเวณที่มีบริการโทรศัพท์สาธารณะ ควรมีโทรศัพท์สำหรับคนพิการทางการได้ยินหรือสื่อความหมายอย่างน้อย 1 เครื่อง,Q02 : จำนวนตู้โทรศัพท์ผู้พิการทางการได้ยิน (TTRS),on,no,https://drive.google.com/open?id=1oX5MBmtUZTfs6GlngtBmG_0MOm50yUnf,http://drive.google.com/uc?export=view&id=1oX5MBmtUZTfs6GlngtBmG_0MOm50yUnf
141,R11Q03,พื้นที่ว่างด้านหน้า,R11,Q03,NW,1,1,1," ด้านหน้าโทรศัพท์มีพื้นที่กว้าง
อย่างน้อย 150cm x 150cm และไม่กีดขวางทางสัญจร รวมทั้งควรมีการติดตั้งที่นั่งแบบพับได้","1.มีพื้นที่ขนาด 150*150 ซม. ด้านหน้าโทรศัพท์ที่ไม่กีดขวางทางสัญจร

2.มีที่นั่งแบบพับได้""",Q03 : พื้นที่ว่างด้านหน้า,on,no,https://drive.google.com/open?id=1PYeJo-0-5n43-tqwvbH3dtGyO8nFB2FU,http://drive.google.com/uc?export=view&id=1PYeJo-0-5n43-tqwvbH3dtGyO8nFB2FU
142,R11Q04,ความสูงของโทรศัพท์,R11,Q04,MA,1,1,2,ความสูงของโทรศัพท์หรือชั้นวางไม่เกิน 80cm และบริเวณใต้โทรศัพท์หรือชั้นวางมีพื้นที่กว้างเพียงพอสำหรับรถเข็นคนพิการ,"1.โทรศัพท์หรือชั้นวางสูงจากพื้นไม่เกิน 80 ซม.
2.บริเวณใต้โทรศัพท์หรือชั้นวางมีพื้นที่เพียงพอ",Q04 : ความสูงของโทรศัพท์,on,no,https://drive.google.com/open?id=1yDI7RziG4CsrbI85Tcx7BVSp9bHxxppm,http://drive.google.com/uc?export=view&id=1yDI7RziG4CsrbI85Tcx7BVSp9bHxxppm
143,R11Q05,ช่องหยอดเหรียญ/เสียบบัตร,R11,Q05,MA,1,1,2,ช่องหยอดเหรียญหรือที่เสียบบัตรโทรศัพท์และจอแสดงข้อมูลควรอยู่ด้านหน้าและสูงจากระดับพื้นไม่น้อยกว่า 80cm และไม่เกิน 110cm,ช่องหยอดเหรียญหรือช่องเสียบบัตรและจอแสดงข้อมูลอยู่ด้านหน้า สูงจากพื้น 80-110 ซม.,Q05 : ช่องหยอดเหรียญ/เสียบบัตร,on,no,https://drive.google.com/open?id=1RxlKemugjhXwIIxY2wbXvskTpjRkWvYX,http://drive.google.com/uc?export=view&id=1RxlKemugjhXwIIxY2wbXvskTpjRkWvYX
144,R11Q06,สายโทรศัพท์,R11,Q06,MA,1,1,1,สายโทรศัพท์ควรมีความยาวไม่น้อยกว่า 75cm,สายโทรศัพท์ควรมีความยาวไม่น้อยกว่า 75 ซม.,Q06 : สายโทรศัพท์,on,no,-,-
145,R11Q07,ปุ่มกด,R11,Q07,TA,1,1,1,แป้นโทรศัพท์ควรเป็นแบบปุ่มกด และมีอักษรสำหรับคนพิการทางการเห็น,แป้นโทรศัพท์ควรเป็นแบบปุ่มกด และมีอักษรสำหรับคนพิการทางการเห็น,Q07 : ปุ่มกด,on,no,-,-
146,R11Q08,ตำแหน่ง,R11,Q08,NW,1,1,1,ติดตั้งในตำแหน่งที่รถเข็นคนพิการสามารถเข้าไปใช้งานได้ทั้งทางตรงและทางขนาน,ติดตั้งในตำแหน่งที่รถเข็นคนพิการสามารถเข้าไปใช้งานได้ทั้งทางตรงและทางขนาน,Q08 : ตำแหน่ง,on,no,-,-
147,R11Q09,เครื่องช่วยฟัง/ขยายเสียง,R11,Q09,NH,1,1,2,สำหรับคนพิการทางการได้ยินหรือสื่อความหมาย ควรมีเครื่องช่วยฟังและเครื่องขยายความดังเสียง หรือติดตั้งในรูปแบบโทรศัพท์ข้อความ,มีเครื่องช่วยฟังและเครื่องขยายความดังเสียง หรือโทรศัพท์ข้อความ สำหรับผู้พิการทางการได้ยินหรือสื่อความหมาย,Q09 : เครื่องช่วยฟัง/ขยายเสียง,on,no,-,-
148,R11Q10,ป้ายสัญลักษณ์,R11,Q10,VA,1,1,2,ติดป้ายสัญลักษณ์แสดงตำแหน่งที่มีโทรศัพท์สาธารณะสำหรับคนพิการ ขนาดป้ายไม่น้อยกว่า 15cm ใช้ขาว-น้ำเงินหรือน้ำเงิน-ขาว กรณีใช้ข้อความ ต้องมีทั้งภาษาไทยและอังกฤษ (หากผ่าน Q01),ติดป้ายสัญลักษณ์แสดงตำแหน่งที่มีโทรศัพท์สาธารณะสำหรับคนพิการ ขนาดป้ายไม่น้อยกว่า 15 ซม. ใช้ขาว-น้ำเงินหรือน้ำเงิน-ขาว กรณีใช้ข้อความ ต้องมีทั้งภาษาไทยและอังกฤษ (หากผ่าน Q01),Q10 : ป้ายสัญลักษณ์,on,no,https://drive.google.com/open?id=12QeizW7lhWNm0lXzk2P5lO_aidViqgpb,http://drive.google.com/uc?export=view&id=12QeizW7lhWNm0lXzk2P5lO_aidViqgpb
214,R12Q00,รูปแบบสถานี,R12,Q00,SK,0,0,0,-,-,,on,no,,
149,R12Q01,ความกว้างของบริเวณแพลตฟอร์ม,R12,Q01,NW,3,4,1,ความกว้างของทางเดินบริเวณชานชาลาต้องไม่น้อยกว่า 150cm,ความกว้างชานชาลาต้องไม่น้อยกว่า 150 ซม.,Q01 : ความกว้างของบริเวณแพลตฟอร์ม,on,no,https://drive.google.com/open?id=10bXHml-BbsNhZOF0p6-NaH2Ymlt-niXQ&authuser=nati%40satarana.com&usp=drive_fs,http://drive.google.com/uc?export=view&id=10bXHml-BbsNhZOF0p6-NaH2Ymlt-niXQ&a
150,R12Q02,พื้นผิวของชานชาลา,R12,Q02,NW,1,1,1,พื้นผิวของทางเดินบริเวณชานชาลาต้องรียบเสมอกัน ไม่มีรอยสะดุด ลื่นหรือมีลักษณะที่เป็นอันตราย,พื้นผิวบริเวณชานชาลาต้องเรียบเสมอกัน ไม่มีรอยสะดุด ลื่นหรือมีลักษณะที่เป็นอันตราย,Q02 : พื้นผิวของชานชาลา,on,no,-,-
151,R12Q03,สิ่งกีดขวางระดับพื้น,R12,Q03,TA,2,1,1,ต้องไม่มีวัตถุหรือสิ่งกีดขวางในระดับพื้นทางเดิน หากมี ต้องจัดให้อยู่ในแนวเดียวกัน มีพื้นผิวต่างสัมผัสเตือนหรือกั้นสิ่งกีดขวาง ห่างจากสิ่งกีดขวางไม่น้อยกว่า 30cm,ต้องไม่มีวัตถุหรือสิ่งกีดขวางในระดับพื้นทางเดิน หากมี ต้องจัดให้อยู่ในแนวเดียวกัน มีพื้นผิวต่างสัมผัสเตือนหรือกั้นสิ่งกีดขวาง ห่างจากสิ่งกีดขวางไม่น้อยกว่า 30 ซม.,Q03 : สิ่งกีดขวางระดับพื้น,on,no,-,-
152,R12Q04,สิ่งกีดขวางระดับศีรษะ,R12,Q04,SF,2,2,1,ต้องไม่มีสิ่งกีดขวางในแนวทางเดินระดับศีรษะ เช่น ป้ายหรือวัตถุที่แขวนระดับศีรษะ หากมี ต้องอยู่สูงจากพื้นไม่น้อยกว่า 2m,ต้องไม่มีสิ่งกีดขวางในแนวทางเดินระดับศีรษะ เช่น ป้ายหรือวัตถุที่แขวนระดับศีรษะ หากมี ต้องอยู่สูงจากพื้นไม่น้อยกว่า 2m,Q04 : สิ่งกีดขวางระดับศีรษะ,on,no,https://drive.google.com/open?id=1NjjhSVMQ89b9ktrbST4ytbLn7yHRcgGW,http://drive.google.com/uc?export=view&id=1NjjhSVMQ89b9ktrbST4ytbLn7yHRcgGW
153,R12Q05,พื้นผิวต่างสัมผัสชนิดเตือน,R12,Q05,TA,1,1,2,ต้องมีพื้นผิวต่างสัมผัสชนิดเตือนระหว่างชานชาลากับทางขึ้นลงรถ กว้าง 30 cm และยาวขนานห่างจากชานชาลา 60cm - 65cm,ต้องมีพื้นผิวต่างสัมผัสชนิดเตือนระหว่างชานชาลากับทางขึ้นลงรถ กว้าง 30  ซม. และยาวขนานห่างจากชานชาลา 60 ซม. - 65 ซม.,Q05 : พื้นผิวต่างสัมผัสชนิดเตือน,on,no,https://drive.google.com/open?id=1E01ExZFUPMa7IKBNsCTkuPAwH1STaxVH,http://drive.google.com/uc?export=view&id=1E01ExZFUPMa7IKBNsCTkuPAwH1STaxVH
154,R12Q06,ท่อระบายน้ำ,R12,Q06,NW,1,1,1,หากบนทางเดินมีท่อระบายน้ำหรือรางระบายน้ำ ต้องมีฝาปิดสนิท หากมีตะแกรง ขนาดของรูตะแกรงต้องไม่เกิน 13mm และวางขวางกับทิศทางสัญจร,หากบนทางเดินมีท่อระบายน้ำหรือรางระบายน้ำ ต้องมีฝาปิดสนิท หากมีตะแกรง ขนาดของรูตะแกรงต้องไม่เกิน 13 มม. และวางขวางกับทิศทางสัญจร,Q06 : ท่อระบายน้ำ,on,no,https://drive.google.com/open?id=1WFOZk8fNYeufSt3y2oUKyobt8N44sA48,http://drive.google.com/uc?export=view&id=1WFOZk8fNYeufSt3y2oUKyobt8N44sA48
155,R12Q07,ทางเลี้ยวหรือทางแยก,R12,Q07,TA,1,1,2,หากมีทางเลี้ยวหรือทางแยก ต้องมีพื้นผิวต่างสัมผัสชนิดเตือนครบทุกทางเลี้ยวหรือทางแยก,หากมีทางเลี้ยวหรือทางแยก ต้องมีพื้นผิวต่างสัมผัสชนิดเตือนครบทุกทางเลี้ยวหรือทางแยก,Q07 : ทางเลี้ยวหรือทางแยก,on,no,https://drive.google.com/open?id=1svezQ7wFYVdhZjVhuQeeyBCH-7MmDr2-,http://drive.google.com/uc?export=view&id=1svezQ7wFYVdhZjVhuQeeyBCH-7MmDr2-
156,R12Q08,ประตูกั้นชานชาลา,R12,Q08,SF,3,2,3,มีประตูกั้นชานชาลาขณะรอรถไฟฟ้าเพื่อป้องกันผู้โดยสารตกลงไปบนรางรถไฟฟ้า (แพลตตินัม),มีประตูกั้นชานชาลาขณะรอรถไฟฟ้าเพื่อป้องกันผู้โดยสารตกลงไปบนรางรถไฟฟ้า (แพลตตินัม),Q08 : ประตูกั้นชานชาลา,on,no,https://drive.google.com/open?id=1EZ993I0RoCMk5VvZm5n0RZETK4JdlEaq,http://drive.google.com/uc?export=view&id=1EZ993I0RoCMk5VvZm5n0RZETK4JdlEaq
157,R12Q09,ป้ายแจ้งเวลาที่ขบวนรถจะมาถึง,R12,Q09,VA,1,1,3,มีป้ายแจ้งระยะเวลาที่ขบวนรถถัดไปจะมาถึงสถานีสำหรับผู้โดยสารที่ต้องการข้อมูลที่เป็นตัวอักษรทั้งภาษาไทยและอังกฤษ (แพลตตินัม),มีป้ายแจ้งระยะเวลาที่ขบวนรถถัดไปจะมาถึงสถานีสำหรับผู้โดยสารที่ต้องการข้อมูลที่เป็นตัวอักษรทั้งภาษาไทยและอังกฤษ (แพลตตินัม),Q09 : ป้ายแจ้งเวลาที่ขบวนรถจะมาถึง,on,no,https://drive.google.com/open?id=1I6o-I4Fqcw6NKphEP_v8BMWSMDB0LSbh,http://drive.google.com/uc?export=view&id=1I6o-I4Fqcw6NKphEP_v8BMWSMDB0LSbh
158,R12Q10,ประกาศแจ้งเวลาที่ขบวนรถจะมาถึง,R12,Q10,AA,1,1,3,มีเสียงประกาศแจ้งระยะเวลาที่ขบวนรถถัดไปจะมาถึงสถานีสำหรับผู้โดยสารที่ต้องการข้อมูลที่เป็นเสียงทั้งภาษาไทยและอังกฤษ (แพลตตินัม),มีเสียงประกาศแจ้งระยะเวลาที่ขบวนรถถัดไปจะมาถึงสถานีสำหรับผู้โดยสารที่ต้องการข้อมูลที่เป็นเสียงทั้งภาษาไทยและอังกฤษ (แพลตตินัม),Q10 : ประกาศแจ้งเวลาที่ขบวนรถจะมาถึง,on,no,-,-
159,R12Q11,เสียงประกาศแจ้งชื่อสถานี,R12,Q11,AA,1,1,3,มีเสียงประกาศแจ้งชื่อสถานีอย่างน้อย 2 ภาษาเป็นระยะๆ เพื่อให้ผู้โดยสารที่ต้องการข้อมูลเสียงทราบว่าตนเองอยู่ที่สถานีใด  (แพลตตินัม),มีเสียงประกาศแจ้งชื่อสถานีอย่างน้อย 2 ภาษาเป็นระยะๆ เพื่อให้ผู้โดยสารที่ต้องการข้อมูลเสียงทราบว่าตนเองอยู่ที่สถานีใด  (แพลตตินัม),Q11 : เสียงประกาศแจ้งชื่อสถานี,on,no,-,-
160,R12Q12,ป้ายตัวอักษรแจ้งชื่อสถานี,R12,Q12,AA,1,1,2,มีป้ายตัวอักษรบอกชื่อสถานีอย่างน้อย 2 ภาษาในบริเวณที่สังเกตเห็นได้ง่ายเมื่อผู้โดยสารมาถึงหรือเข้ามาในสถานี เพื่อให้ผู้โดยสารที่ต้องการข้อมูลตัวอักษรทราบว่าตนเองอยู่ที่สถานีใด,มีป้ายตัวอักษรบอกชื่อสถานีอย่างน้อย 2 ภาษาในบริเวณที่สังเกตเห็นได้ง่ายเมื่อผู้โดยสารมาถึงหรือเข้ามาในสถานี เพื่อให้ผู้โดยสารที่ต้องการข้อมูลตัวอักษรทราบว่าตนเองอยู่ที่สถานีใด,Q12 : ป้ายตัวอักษรแจ้งชื่อสถานี,on,no,-,-
161,R12Q13,ป้ายสัญลักณ์บอกทิศทางเดินรถ,R12,Q13,VA,1,1,1,ป้ายสัญลักษณ์หรือตัวอักษรสำหรับบอกเส้นทางเพื่อให้ทราบว่าชานชาลาใดไปเส้นทางใด ขนาดป้ายไม่น้อยกว่า 15cm และมีอย่างน้อย 2 ภาษา,ป้ายสัญลักษณ์หรือตัวอักษรสำหรับบอกเส้นทางเพื่อให้ทราบว่าชานชาลาใดไปเส้นทางใด ขนาดป้ายไม่น้อยกว่า 15 ซม. และมีอย่างน้อย 2 ภาษา,Q13 : ป้ายสัญลักณ์บอกทิศทางเดินรถ,on,no,-,-
215,R12Q14,การเชื่อมต่อจากชานชาลาสู่พาหนะ,R12,Q14,NW,3,4,1,-,-,,on,no,,
162,R13Q01,ช่องว่าง (Gap),R13,Q01,NW,3,4,1,ระดับพื้นชานชาลากับพื้นรถไฟฟ้าต้องเสมอกัน มีช่องว่างไม่เกิน 2cm หรือจัดให้มีระบบหรืออุปกรณ์ปิดช่องว่าง,ระดับพื้นชานชาลากับพื้นรถไฟฟ้าต้องเสมอกัน มีช่องว่างไม่เกิน 2 ซม. หรือจัดให้มีระบบหรืออุปกรณ์ปิดช่องว่าง,Q01 : ช่องว่าง (Gap),on,no,,#VALUE!
163,R13Q02,อุปกรณ์ปิดช่องว่างอัตโนมัติ,R13,Q02,NW,3,4,3,มีอุปกรณ์ปิดช่องว่างอัตโนมัติ (Auto Gap Filler) สำหรับปิดช่องว่างระหว่างชานชาลารถไฟฟ้าและพื้นสถานี (แพลตตินัม),มีอุปกรณ์ปิดช่องว่างอัตโนมัติ (Auto Gap Filler) สำหรับปิดช่องว่างระหว่างชานชาลารถไฟฟ้าและพื้นสถานี (แพลตตินัม),Q02 : อุปกรณ์ปิดช่องว่างอัตโนมัติ,on,no,,#VALUE!
164,R13Q03,ความกว้างของประตู,R13,Q03,NW,3,4,1,ความกว้างสุทธิของประตูผู้โดยสารต้องไม่น้อยกว่า 90cm,ความกว้างสุทธิของประตูผู้โดยสารต้องไม่น้อยกว่า 90 ซม.,Q03 : ความกว้างของประตู,on,no,,#VALUE!
165,R13Q04,ราวจับ,R13,Q04,MA,1,1,1,ราวจับบริเวณประตูต้องมีลักษณะกลม มีเส้นผ่านศูนย์กลาง 3cm - 4cm (หรือเส้นรอบวง 9.4cm - 12.6cm) พื้นผิวเรียบและไม่ลื่นหรือมีลักษณะที่เป็นอันตราย และติดตั้งอย่างมั่นคงแข็งแรง,ราวจับบริเวณประตูต้องมีลักษณะกลม มีเส้นผ่านศูนย์กลาง 3 ซม. - 4 ซม. (หรือเส้นรอบวง 9.4 ซม. - 12.6 ซม.) พื้นผิวเรียบและไม่ลื่นหรือมีลักษณะที่เป็นอันตราย และติดตั้งอย่างมั่นคงแข็งแรง,Q04 : ราวจับ,on,no,,#VALUE!
166,R13Q05,สีตัดกัน,R13,Q05,VA,1,2,3,ประตูรถไฟฟ้าต้องมีสีตัดกันของบานประตูกับผนังโดยรอบ (แพลตตินัม),ประตูยานพาหนะต้องมีสีตัดกันของบานประตูกับผนังโดยรอบ (แพลตตินัม),Q05 : สีตัดกัน,off,no,,#VALUE!
167,R13Q06,แสงสว่างเพียงพอ,R13,Q06,VA,1,1,1,ต้องมีแสงสว่างอย่างเพียงพอบริเวณประตูรถไฟฟ้า โดยเฉพาะในเวลากลางคืน,ต้องมีแสงสว่างอย่างเพียงพอบริเวณประตูรถไฟฟ้า โดยเฉพาะในเวลากลางคืน,Q06 : แสงสว่างเพียงพอ,off,no,,#VALUE!
168,R13Q07,ประตูรถหนีบ,R13,Q07,SF,1,2,1,มีระบบป้องกันประตูรถหนีบผู้โดยสาร โดยที่ประตูรถจะเปิดออกทันทีเมื่อหนีบผู้โดยสาร,มีระบบป้องกันประตูรถหนีบผู้โดยสาร โดยที่ประตูรถจะเปิดออกทันทีเมื่อหนีบผู้โดยสาร,Q07 : ประตูรถหนีบ,off,no,,#VALUE!
169,R13Q08,สัญลักษณ์รูปคนพิการนอกตัวรถ,R13,Q08,VA,1,1,1,มีสัญลักษณ์รูปคนพิการหรือเครื่องหมายแสดงให้ทราบขบวนรถไฟที่จัดไว้สำหรับคนพิการด้านนอกตัวรถหรือบริเวณประตูกั้นระหว่างชานชาลากับตัวรถ ขนาดป้ายไม่น้อยกว่า 15cm ใช้สีขาว-น้ำเงิน หากเป็นข้อความ ต้องใช้ภาษาไทยและอังกฤษ,มีสัญลักษณ์รูปคนพิการหรือเครื่องหมายแสดงให้ทราบขบวนรถไฟที่จัดไว้สำหรับคนพิการด้านนอกตัวรถหรือบริเวณประตูกั้นระหว่างชานชาลากับตัวรถ ขนาดป้ายไม่น้อยกว่า 15 ซม. ใช้สีขาว-น้ำเงิน หากเป็นข้อความ ต้องใช้ภาษาไทยและอังกฤษ,Q08 : สัญลักษณ์รูปคนพิการนอกตัวรถ,on,no,,#VALUE!
216,R13Q09,อุปกรณ์นำพาขึ้นและลงจากยานพาหนะ,R13,Q09,NW,,,,-,มีอุปกรณ์นำพาขึ้นลงได้อย่างปลอดภัย ไม่ลื่น และรับน้ำหนักได้ มีสัญญาณไฟเตือนเมื่ออุปกรณ์ทำงาน,Q09 : อุปกรณ์นำพาขึ้นและลงจากยานพาหนะ,on,no,https://drive.google.com/open?id=1329W0ADWc8K4XIYz5hLxNMQmFDWSb6aL&authuser=nati%40satarana.com&usp=drive_fs,http://drive.google.com/uc?export=view&id=1329W0ADWc8K4XIYz5hLxNMQmFDWSb6aL&a
170,R14Q01,พื้นที่สำหรับจอดรถเข็น,R14,Q01,NW,1,4,1,พื้นที่สำหรับจอดรถเข็นคนพิการในรถไฟฟ้ามีความกว้างไม่น้อยกว่า 90cm ความยาวไม่น้อยกว่า 130cm อยู่ใกล้ประตูทางเข้า และมีพื้นผิวที่ไม่ลื่น,พื้นที่สำหรับจอดรถเข็นคนพิการในยานพาหนะมีความกว้างไม่น้อยกว่า 90 ซม. ความยาวไม่น้อยกว่า 130 ซม. อยู่ใกล้ประตูทางเข้า และมีพื้นผิวที่ไม่ลื่น,Q01 : พื้นที่สำหรับจอดรถเข็น,off,no,,#VALUE!
171,R14Q02,สัญลักษณ์รูปคนพิการ,R14,Q02,VA,1,1,1,ต้องมีสัญลักษณ์รูปคนพิการตรงพื้นที่สำหรับจอดรถเข็นคนพิการ ใช้สีขาว-น้ำเงินหรือน้ำเงิน-ขาว ขนาดไม่น้อยกว่า 15cm และเห็นได้ชัดเจน,ต้องมีสัญลักษณ์รูปคนพิการตรงพื้นที่สำหรับจอดรถเข็นคนพิการ ใช้สีขาว-น้ำเงินหรือน้ำเงิน-ขาว ขนาดไม่น้อยกว่า 15 ซม. และเห็นได้ชัดเจน,Q02 : สัญลักษณ์รูปคนพิการ,off,no,,#VALUE!
172,R14Q03,ข้อความกำหนด,R14,Q03,VA,1,1,1," มีข้อความ ""พื้นที่กำหนดให้ใช้เฉพาะผู้ใช้รถเข็นคนพิการ"" ตรงพื้นที่สำหรับจอดรถเข็นคนพิการ ทั้งภาษาไทยและอังกฤษ"," มีข้อความ ""พื้นที่กำหนดให้ใช้เฉพาะผู้ใช้รถเข็นคนพิการ"" ตรงพื้นที่สำหรับจอดรถเข็นคนพิการ ทั้งภาษาไทยและอังกฤษ",Q03 : ข้อความกำหนด,off,no,,#VALUE!
173,R14Q04,อุปกรณ์ยึดรถเข็น,R14,Q04,MA,1,2,1,อุปกรณ์สำหรับยึดรถเข็นคนพิการที่สามารถปลดออกได้ง่ายในกรณีเกิดเหตุฉุกเฉิน,อุปกรณ์สำหรับยึดรถเข็นคนพิการที่สามารถปลดออกได้ง่ายในกรณีเกิดเหตุฉุกเฉิน,Q04 : อุปกรณ์ยึดรถเข็น,off,no,,#VALUE!
174,R14Q05,ปุ่มฉุกเฉิน,R14,Q05,SF,2,2,1,มีปุ่มสัญญาณฉุกเฉินหยุดรถในบริเวณใกล้เคียงกับที่นั่งสำหรับคนพิการ สูงจากพื้น 90cm - 120cm เมื่อกดแล้วสัญญาณกริ่งและไฟกระพริบจะแสดงบริเวณที่นั่งของคนขับ,มีปุ่มสัญญาณฉุกเฉินหยุดรถในบริเวณใกล้เคียงกับที่นั่งสำหรับคนพิการ สูงจากพื้น 90 ซม. - 120 ซม. เมื่อกดแล้วสัญญาณกริ่งและไฟกระพริบจะแสดงบริเวณที่นั่งของคนขับ,Q05 : ปุ่มฉุกเฉิน,off,no,,#VALUE!
175,R14Q06,ที่นั่งสำหรับคนพิการ,R14,Q06,MA,1,1,1,จำนวนที่นั่งสำหรับคนพิการต้องไม่น้อยกว่า 2 ที่นั่งต่อขบวน,จำนวนที่นั่งสำหรับคนพิการต้องไม่น้อยกว่า 2 ที่นั่งต่อขบวน,Q06 : ที่นั่งสำหรับคนพิการ,off,no,,#VALUE!
176,R14Q07,ราวจับข้างที่นั่ง,R14,Q07,MA,2,2,1,ราวจับข้างที่นั่งสำหรับคนพิการต้องมีลักษณะกลม มีเส้นผ่านศูนย์กลาง 3cm - 4cm (หรือเส้นรอบวง 9.4cm - 12.6cm) และมั่นคงแข็งแรง,ราวจับข้างที่นั่งสำหรับคนพิการต้องมีลักษณะกลม มีเส้นผ่านศูนย์กลาง 3 ซม. - 4 ซม. (หรือเส้นรอบวง 9.4 ซม. - 12.6 ซม.) และมั่นคงแข็งแรง,Q07 : ราวจับข้างที่นั่ง,off,no,,#VALUE!
177,R14Q08,ป้ายแสดงตำแหน่งที่นั่ง,R14,Q08,VA,1,1,1,ป้ายสัญลักษณ์แสดงตำแหน่งที่นั่งสำหรับคนพิการใช้สีขาว-น้ำเงินหรือน้ำเงินขาว มีขนาดไม่น้อยกว่า 15cm และเห็นได้ชัดเจน,ป้ายสัญลักษณ์แสดงตำแหน่งที่นั่งสำหรับคนพิการใช้สีขาว-น้ำเงินหรือน้ำเงินขาว มีขนาดไม่น้อยกว่า 15 ซม. และเห็นได้ชัดเจน,Q08 : ป้ายแสดงตำแหน่งที่นั่ง,off,no,,#VALUE!
178,R14Q09,พื้นที่สำหรับเก็บรถเข็น,R14,Q09,MA,2,1,1,พื้นที่สำหรับเก็บรถเข็นคนพิการ,พื้นที่สำหรับเก็บรถเข็นคนพิการ,Q09 : พื้นที่สำหรับเก็บรถเข็น,off,no,,#VALUE!
179,R14Q10,ความกว้างทางเดินภายในยานพาหนะ,R14,Q10,NW,3,2,1,ทางเดินในรถไฟฟ้าต้องมีความกว้างสุทธิไม่น้อยกว่า 150cm และพื้นผิวทางเดินไม่ลื่น,ทางเดินในรถไฟฟ้าต้องมีความกว้างสุทธิไม่น้อยกว่า 150 ซม. และพื้นผิวทางเดินไม่ลื่น,Q10 : ความกว้างทางเดินภายในยานพาหนะ,off,no,,#VALUE!
180,R14Q11,การแจ้งสถานีถัดไป (เสียง),R14,Q11,AA,1,2,2,ประกาศแจ้งชื่อสถานีถัดไปและข้อมูลภายในรถไฟฟ้าด้วยเสียงพูดมากกว่า 1 ภาษา ได้ยินชัดเจนทุกบริเวณ และประกาศล่วงหน้าเพื่อให้มีเวลาเตรียมตัว โดยให้ประกาศ 2 ครั้ง คือ ทันทีที่รถออกเดินทาง และประกาศอีกครั้งก่อนถึงสถานีถัดไป,ประกาศแจ้งชื่อสถานีถัดไปและข้อมูลภายในรถไฟฟ้าด้วยเสียงพูดมากกว่า 1 ภาษา ได้ยินชัดเจนทุกบริเวณ และประกาศล่วงหน้าเพื่อให้มีเวลาเตรียมตัว โดยให้ประกาศ 2 ครั้ง คือ ทันทีที่รถออกเดินทาง และประกาศอีกครั้งก่อนถึงสถานีถัดไป,Q11 : การแจ้งสถานีถัดไป (เสียง),off,no,,#VALUE!
181,R14Q12,การแจ้งสถานีถัดไป (ป้าย),R14,Q12,VA,1,2,2,ประกาศแจ้งชื่อสถานีถัดไปและข้อมูลภายในรถไฟฟ้าด้วยป้ายข้อความมากกว่า 1 ภาษา และแสดงป้ายข้อมูลล่วงหน้าเพื่อให้มีเวลาเตรียมตัว,ประกาศแจ้งชื่อสถานีถัดไปและข้อมูลภายในรถไฟฟ้าด้วยป้ายข้อความมากกว่า 1 ภาษา และแสดงป้ายข้อมูลล่วงหน้าเพื่อให้มีเวลาเตรียมตัว,Q12 : การแจ้งสถานีถัดไป (ป้าย),off,no,,#VALUE!
182,R14Q13,เครื่องลดสัญญานเสียงรบกวน,R14,Q13,NH,1,1,3," มีเครื่องลดสัญญาณเสียงรบกวนสำหรับผู้ใช้เครื่องช่วยฟังหรือประสาทหูเทียม (Hearing Induction Loop, HIL) ภายในขบวนรถไฟฟ้าเพื่อให้ฟังเสียงประกาศได้ชัดเจน พร้อมมีป้ายสัญลักษณ์และข้อความอธิบายสีขาว-น้ำเงินหรือน้ำเงิน-ขาว (แพลตตินัม)"," มีเครื่องลดสัญญาณเสียงรบกวนสำหรับผู้ใช้เครื่องช่วยฟังหรือประสาทหูเทียม (Hearing Induction Loop, HIL) ภายในขบวนรถไฟฟ้าเพื่อให้ฟังเสียงประกาศได้ชัดเจน พร้อมมีป้ายสัญลักษณ์และข้อความอธิบายสีขาว-น้ำเงินหรือน้ำเงิน-ขาว (แพลตตินัม)",Q13 : เครื่องลดสัญญานเสียงรบกวน,off,no,,#VALUE!
183,R14Q14,ป้ายไฟวิ่ง,R14,Q14,NH,1,2,2," มีป้ายไฟวิ่งเพื่อให้ผู้โดยสารทราบข้อมูลเส้นทาง สถานีปัจจุบันและสถานีถัดไป
"," มีป้ายไฟวิ่งเพื่อให้ผู้โดยสารทราบข้อมูลเส้นทาง สถานีปัจจุบันและสถานีถัดไป
",Q14 : ป้ายไฟวิ่ง,off,no,,#VALUE!
184,R15Q01,คู่มือการช่วยคนพิการ,R15,Q01,SV,1,1,1,ต้องมีคู่มือให้คำแนะนำการช่วยคนพิการแต่ละประเภทเบื้องต้นซึ่งมีเนื้อหาสาระครอบคลุมทุกประเภทความพิการ,ต้องมีคู่มือให้คำแนะนำการช่วยคนพิการแต่ละประเภทเบื้องต้นซึ่งมีเนื้อหาสาระครอบคลุมทุกประเภทความพิการ ได้แก่ 1) ความพิการทางการเห็น 2) ความพิการทางการได้ยินหรือสื่อความหมาย 3) ความพิการทางการเคลื่อนไหวหรือทางร่างกาย 4) ความพิการทางจิตใจและพฤติกรรม 5) ความพิการทางสติปัญญา 6) ความพิการทางการเรียนรู้ 7) ความพิการทางออทิสติก,Q01 : คู่มือการช่วยคนพิการ,on,no,,#VALUE!
185,R15Q02,คู่มือแปลภาษา,R15,Q02,SV,1,1,2,มีคู่มือแปลภาษาที่สอดคล้องกับความต้องการของคนพิการแต่ละประเภทเพื่อทราบความต้องการและสื่อสารกันได้,มีคู่มือแปลภาษาที่สอดคล้องกับความต้องการของคนพิการแต่ละประเภทเพื่อทราบความต้องการและสื่อสารกันได้,Q02 : คู่มือแปลภาษา,on,no,,#VALUE!
186,R15Q03,ป้ายตัวอักษร/สัญลักษณ์,R15,Q03,SV,1,1,1,มีป้ายตัวอักษรหรือสัญลักษณ์ที่สื่อความหมายให้คนพิการเข้าใจได้และมองเห็นได้อย่างชัดเจน,มีป้ายตัวอักษรหรือสัญลักษณ์ที่สื่อความหมายให้คนพิการเข้าใจได้และมองเห็นได้อย่างชัดเจน,Q03 : ป้ายตัวอักษร/สัญลักษณ์,off,no,,#VALUE!
187,R15Q04,อบรมเจ้าหน้าที่,R15,Q04,SV,1,1,1,มีเจ้าหน้าที่ที่ได้รับการฝึกอบรมในเบื้องต้นเกี่ยวกับการสื่อสารกับคนพิการแต่ละประเภทอย่างน้อย 1 คน,มีเจ้าหน้าที่ที่ได้รับการฝึกอบรมในเบื้องต้นเกี่ยวกับการสื่อสารกับคนพิการแต่ละประเภทอย่างน้อย 1 คน,Q04 : อบรมเจ้าหน้าที่,on,no,,#VALUE!
188,R15Q05,ความรู้ของเจ้าหน้าที่,R15,Q05,SV,1,1,1," เจ้าหน้าที่มีความรู้และความเข้าใจเกี่ยวกับการใช้งานอุปกรณ์หรือสิ่งอำนวยความสะดวกสำหรับคนพิการ
"," เจ้าหน้าที่มีความรู้และความเข้าใจเกี่ยวกับการใช้งานอุปกรณ์หรือสิ่งอำนวยความสะดวกสำหรับคนพิการ
",Q05 : ความรู้ของเจ้าหน้าที่,on,no,,#VALUE!
189,R15Q06,ภาษาซึ่งแสดงความเคารพ,R15,Q06,SV,1,1,1," ใช้ภาษาซึ่งแสดงความเคารพในป้ายสัญลักษณ์ ไม่ใช้คำอย่างเช่น ทุพพลภาพ, ความต้องการพิเศษ, ประตูพิเศษ,โปรดเอื้อเฟื้อ, handicapped, invalid, crippled, special needs ฯลฯ ซึ่งเป็นภาษาที่แสดงถึงการตีตรา ความด้อย ขาด ไม่ครบ ต้องได้รับการช่วยเหลือหรือสงเคราะห์"," ใช้ภาษาซึ่งแสดงความเคารพในป้ายสัญลักษณ์ ไม่ใช้คำอย่างเช่น ทุพพลภาพ, ความต้องการพิเศษ, ประตูพิเศษ,โปรดเอื้อเฟื้อ, handicapped, invalid, crippled, special needs ฯลฯ ซึ่งเป็นภาษาที่แสดงถึงการตีตรา ความด้อย ขาด ไม่ครบ ต้องได้รับการช่วยเหลือหรือสงเคราะห์",Q06 : ภาษาซึ่งแสดงความเคารพ,on,no,,#VALUE!
190,R16Q01,การเข้าถึงทุกฝั่งถนน,R16,Q01,VC,3,4,1,ทางเข้า-ออกมี สิ่งอำนวยความสะดวก สำหรับคนพิการและผู้สูงอายุ เช่น ลิฟต์ ทางลาด เป็นต้น กรณีทางเข้า-ออกไม่มี สิ่งอำนวยความสะดวกต้องมีทางเข้าออกใกล้เคียงที่มี สิ่งอำนวยความสะดวกและต้องอยู่ห่างออกไปไม่เกิน 200m,ทางเข้า-ออกมี สิ่งอำนวยความสะดวก สำหรับคนพิการและผู้สูงอายุ เช่น ลิฟต์ ทางลาด เป็นต้น กรณีทางเข้า-ออกไม่มี สิ่งอำนวยความสะดวกต้องมีทางเข้าออกใกล้เคียงที่มี สิ่งอำนวยความสะดวกและต้องอยู่ห่างออกไปไม่เกิน 200m,Q01 : การเข้าถึงทุกฝั่งถนน,off,no,,#VALUE!
191,R16Q02,ทางเดินเท้าเชื่อมต่อในระยะ 250m,R16,Q02,VC,3,4,1,คนพิการต้องสามารถเดินทางเชื่อมต่อกับระบบขนส่งอื่นๆ หรือสถานที่สำคัญในระยะ 250 เมตรจากทางเข้าออกทั้งด้านซ้ายและขวาได้,คนพิการต้องสามารถเดินทางเชื่อมต่อกับระบบขนส่งอื่นๆในระยะ 250 เมตรจากทางเข้าออกทั้งด้านซ้ายและขวาได้,Q02 : ทางเดินเท้าเชื่อมต่อในระยะ 250m,off,no,,#VALUE!
192,R16Q03,จุดข้ามถนน,R16,Q03,VC,3,2,1,หากคนพิการต้องข้ามถนนจากบริเวณใกล้เคียงมาที่สถานี หรือต้องการข้ามถนนไปใช้ทางเข้าออกฝั่งตรงข้าม ต้องจัดให้มีจุดข้ามถนนทุกในจุดที่จำเป็น สามารถข้ามถนนได้อย่างปลอดภัยโดยไม่เสียเวลาและค่าใช้จ่ายเพิ่มเติม เช่น นั่งแท็กซี่ข้ามถนน,หากคนพิการต้องข้ามถนนจากบริเวณใกล้เคียงมาที่สถานี หรือต้องการข้ามถนนไปใช้ทางเข้าออกฝั่งตรงข้าม ต้องจัดให้มีจุดข้ามถนนทุกในจุดที่จำเป็น สามารถข้ามถนนได้อย่างปลอดภัยโดยไม่เสียเวลาและค่าใช้จ่ายเพิ่มเติม เช่น นั่งแท็กซี่ข้ามถนน,Q03 : จุดข้ามถนน,off,no,,#VALUE!
193,R16Q04,ความปลอดภัยในการใช้งาน,R16,Q04,VC,3,2,1,สิ่งอำนวยความสะดวกหรืออุปกรณ์ที่นำมาใช้เพื่อการเข้าถึงหรือการเชื่อมต่อไปยังพื้นที่ใกล้เคียงต้องมีความปลอดภัย (หากไม่มี สิ่งอำนวยความสะดวกไม่ต้องทำข้อนี้และข้อที่เหลือ),สิ่งอำนวยความสะดวกหรืออุปกรณ์ที่นำมาใช้เพื่อการเข้าถึงหรือการเชื่อมต่อไปยังพื้นที่ใกล้เคียงต้องมีความปลอดภัย (หากไม่มี สิ่งอำนวยความสะดวกไม่ต้องทำข้อนี้และข้อที่เหลือ),Q04 : ความปลอดภัยในการใช้งาน,off,no,,#VALUE!
194,R16Q05,ความอิสระในการใช้งาน,R16,Q05,VC,3,2,1,สิ่งอำนวยความสะดวกหรืออุปกรณ์ที่นำมาใช้เพื่อการเข้าถึงหรือการเชื่อมต่อไปยังพื้นที่ใกล้เคียงต้องใช้งานได้อย่างอิสระ ใช้เวลาน้อย และไม่ขัดขวางหรือกีดขวางการใช้งานของผู้อื่น,สิ่งอำนวยความสะดวกหรืออุปกรณ์ที่นำมาใช้เพื่อการเข้าถึงหรือการเชื่อมต่อไปยังพื้นที่ใกล้เคียงต้องใช้งานได้อย่างอิสระ ใช้เวลาน้อย และไม่ขัดขวางหรือกีดขวางการใช้งานของผู้อื่น,Q05 : ความอิสระในการใช้งาน,off,no,,#VALUE!
195,R16Q06,ความปลอดภัย,R16,Q06,VC,3,2,1,บริเวณที่มีลิฟต์ ทางลาดหรือ สิ่งอำนวยความสะดวกต้องมีความปลอดภัยตลอดเวลาที่ให้บริการ ไม่ห่างไกลจากการดูแลของเจ้าหน้าที่ และผู้ใช้ต้องไม่เดินทางผ่านสถานที่ซึ่งเสี่ยงต่อความปลอดภัยต่อชีวิตและทรัพย์สิน,บริเวณที่มีลิฟต์ ทางลาดหรือ สิ่งอำนวยความสะดวกต้องมีความปลอดภัยตลอดเวลาที่ให้บริการ ไม่ห่างไกลจากการดูแลของเจ้าหน้าที่ และผู้ใช้ต้องไม่เดินทางผ่านสถานที่ซึ่งเสี่ยงต่อความปลอดภัยต่อชีวิตและทรัพย์สิน,Q06 : ความปลอดภัย,off,no,,#VALUE!
217,R17Q01,ความกว้างช่องทางเดินในพื้นที่,R17,Q01,NW,1,2,1,-,ทางเดินในพื้นที่ต้องมีความกว้างสุทธิไม่น้อยกว่า 90 ซม.,Q01 : ความกว้างช่องทางเดินในพื้นที่,off,no,,#VALUE!
218,R17Q02,สภาพพื้นผิวภายในอาคาร,R17,Q02,NW,1,1,1,-,พื้นผิวของทางเดินบริเวณชานชาลาต้องรียบเสมอกัน ไม่มีรอยสะดุด ลื่นหรือมีลักษณะที่เป็นอันตราย,Q02 : สภาพพื้นผิวภายในอาคาร,off,no,,#VALUE!
219,R17Q03,ความต่างระดับในพื้นที่,R17,Q03,NW,1,1,1,-,พื้นผิวของทางเดินต้องเรียบเสมอกันและไม่ลื่น หากมีความต่างระดับกันไม่เกิน 2 ซม. ให้ปาดมุมไม่เกิน 45 องศา หากต่างระดับกันเกิน 2 ซม. ควรยกพื้นให้เสมอกันหรือมีทางลาดที่ได้มาตรฐาน,Q03 : ความต่างระดับในพื้นที่,off,no,,#VALUE!
220,R17Q04,สิ่งกีดขวางระดับพื้น,R17,Q04,TA,2,1,1,-,ต้องไม่มีวัตถุหรือสิ่งกีดขวางในระดับพื้นทางเดิน หากมี ต้องจัดให้อยู่ในแนวเดียวกัน มีพื้นผิวต่างสัมผัสเตือนหรือกั้นสิ่งกีดขวาง ห่างจากสิ่งกีดขวางไม่น้อยกว่า 30 ซม.,Q04 : สิ่งกีดขวางระดับพื้น,off,no,,#VALUE!
221,R17Q05,สิ่งกีดขวางระดับศีรษะ,R17,Q05,SF,2,2,1,-,ต้องไม่มีสิ่งกีดขวางในแนวทางเดินระดับศีรษะ เช่น ป้ายหรือวัตถุที่แขวนระดับศีรษะ หากมี ต้องอยู่สูงจากพื้นไม่น้อยกว่า 2m,Q05 : สิ่งกีดขวางระดับศีรษะ,off,no,,#VALUE!
222,R17Q06,จำนวนที่นั่งพักคอย,R17,Q06,MA,1,1,1,จำนวนที่นั่งสำหรับคนพิการต้องไม่น้อยกว่า 2 ที่นั่งต่อขบวน,มีจำนวนที่นั่งตามมาตรฐานที่กำหนด,Q06 : จำนวนที่นั่งพักคอย,on,no,https://drive.google.com/open?id=12nPrAk_fzxLxz0HeiMp2zSP99ofGZPau&authuser=nati%40satarana.com&usp=drive_fs,http://drive.google.com/uc?export=view&id=12nPrAk_fzxLxz0HeiMp2zSP99ofGZPau&a
223,R17Q07,ราวจับข้างที่นั่ง,R17,Q07,MA,2,2,1,ราวจับข้างที่นั่งสำหรับคนพิการต้องมีลักษณะกลม มีเส้นผ่านศูนย์กลาง 3cm - 4cm (หรือเส้นรอบวง 9.4cm - 12.6cm) และมั่นคงแข็งแรง,ราวจับข้างที่นั่งสำหรับคนพิการมีลักษณะกลม และมีเส้นผ่านศูนย์กลาง 3-4 ซม. (เส้นรอบวง 9.4-12.6 ซม.),Q07 : ราวจับข้างที่นั่ง,on,no,,#VALUE!
224,R17Q08,ป้ายแสดงตำแหน่งที่นั่ง,R17,Q08,VA,1,1,1,ป้ายสัญลักษณ์แสดงตำแหน่งที่นั่งสำหรับคนพิการใช้สีขาว-น้ำเงินหรือน้ำเงินขาว มีขนาดไม่น้อยกว่า 15cm และเห็นได้ชัดเจน,ป้ายสัญลักษณ์แสดงตำแหน่งที่นั่งสำหรับคนพิการใช้สีขาว-น้ำเงินหรือน้ำเงินขาว มีขนาดไม่น้อยกว่า 15 ซม. และเห็นได้ชัดเจน,Q08 : ป้ายแสดงตำแหน่งที่นั่ง,on,no,https://drive.google.com/open?id=13cVQl-ha-ZRww2LNePY-w_HJZdVoidKf&authuser=nati%40satarana.com&usp=drive_fs,http://drive.google.com/uc?export=view&id=13cVQl-ha-ZRww2LNePY-w_HJZdVoidKf&a
225,R17Q09,สัญลักษณ์รูปคนพิการ,R17,Q09,VA,1,1,1,ต้องมีสัญลักษณ์รูปคนพิการตรงพื้นที่สำหรับจอดรถเข็นคนพิการ ใช้สีขาว-น้ำเงินหรือน้ำเงิน-ขาว ขนาดไม่น้อยกว่า 15cm และเห็นได้ชัดเจน,ต้องมีสัญลักษณ์รูปคนพิการตรงพื้นที่สำหรับจอดรถเข็นคนพิการ ใช้สีขาว-น้ำเงินหรือน้ำเงิน-ขาว ขนาดไม่น้อยกว่า 15 ซม. และเห็นได้ชัดเจน,Q09 : สัญลักษณ์รูปคนพิการ,on,no,,#VALUE!
226,R17Q10,ข้อความกำหนด,R17,Q10,VA,1,1,1," มีข้อความ ""พื้นที่กำหนดให้ใช้เฉพาะผู้ใช้รถเข็นคนพิการ"" ตรงพื้นที่สำหรับจอดรถเข็นคนพิการ ทั้งภาษาไทยและอังกฤษ",มีข้อความเป็นคำที่สื่อถึงที่เหมาะสม ตรงพื้นที่สำหรับจอดรถเข็นคนพิการ ทั้งภาษาไทยและอังกฤษ,Q10 : ข้อความกำหนด,on,no,,#VALUE!
227,R17Q11,การแจ้งข้อมูลการให้บริการ(เสียง),R17,Q11,AA,1,2,2,ประกาศแจ้งชื่อสถานีถัดไปและข้อมูลภายในรถไฟฟ้าด้วยเสียงพูดมากกว่า 1 ภาษา ได้ยินชัดเจนทุกบริเวณ และประกาศล่วงหน้าเพื่อให้มีเวลาเตรียมตัว โดยให้ประกาศ 2 ครั้ง คือ ทันทีที่รถออกเดินทาง และประกาศอีกครั้งก่อนถึงสถานีถัดไป,ประกาศข้อมูลที่เป็นประโยชน์สําหรับคนพิการทางการเห็น มีเสียงดังและสามารถได้ยินอย่างชัดเจนทุกบริเวณ,Q11 : การแจ้งข้อมูลการให้บริการ(เสียง),on,no,,#VALUE!
228,R17Q12,การแจ้งข้อมูลการให้บริการ(ป้าย),R17,Q12,VA,1,2,2,ประกาศแจ้งชื่อสถานีถัดไปและข้อมูลภายในรถไฟฟ้าด้วยป้ายข้อความมากกว่า 1 ภาษา และแสดงป้ายข้อมูลล่วงหน้าเพื่อให้มีเวลาเตรียมตัว,ตัวอักษรไฟวิ่งหรือป้ายแสดงความหมายสําหรับคนพิการทางการได้ยินหรือสื่อความหมาย ตัวอักษรไฟวิ่งหรือปูายแสดงความหมายควรมีขนาดใหญ่ เพียงพอสําหรับการมองเห็นได้อย่างชัดเจน โดยติดตั้งในบริเวณที่สามารถมองเห็นได้อย่างชัดเจน และจัดให้มีแสงส่องสว่าง เป็นพิเศษทั้งกลางวันและกลางคืน,Q12 : การแจ้งข้อมูลการให้บริการ(ป้าย),on,no,,#VALUE!
229,R17Q13,ท่อระบายน้ำ,R17,Q13,NW,1,1,1,หากบนทางเดินมีท่อระบายน้ำหรือรางระบายน้ำ ต้องมีฝาปิดสนิท หากมีตะแกรง ขนาดของรูตะแกรงต้องไม่เกิน 13mm และวางขวางกับทิศทางสัญจร,หากบนทางเดินมีท่อระบายน้ำหรือรางระบายน้ำ ต้องมีฝาปิดสนิท หากมีตะแกรง ขนาดของรูตะแกรงต้องไม่เกิน 13 มม. และวางขวางกับทิศทางสัญจร,Q13 : ท่อระบายน้ำ,off,no,,#VALUE!
230,R18Q00,รูปแบบทางออกฉุกเฉิน,R18,Q00,NW,3,1,1,-,-,,on,no,,
231,R18Q01,ความกว้างเส้นทางออกฉุกเฉิน,R18,Q01,NW,1,1,1,-,ทางเท้าในพื้นที่สถานี ต้องมีความกว้างไม่น้อยกว่า 150 ซม.  และช่องทางสัญจรที่แคบที่สุดต้องไม่น้อยกว่า 90 ซม.,Q01 : ความกว้างเส้นทางออกฉุกเฉิน,on,no,,#VALUE!
232,R18Q02,สภาพพื้นผิวภายในอาคาร,R18,Q02,NW,1,1,1,-,พื้นผิวของทางเดินบริเวณชานชาลาต้องรียบเสมอกัน ไม่มีรอยสะดุด ลื่นหรือมีลักษณะที่เป็นอันตราย,Q02 : สภาพพื้นผิวภายในอาคาร,on,no,,#VALUE!
233,R18Q03,ความต่างระดับในพื้นที่,R18,Q03,NW,1,1,1,-,พื้นผิวของทางเดินต้องเรียบเสมอกันและไม่ลื่น หากมีความต่างระดับกันไม่เกิน 2 ซม. ให้ปาดมุมไม่เกิน 45 องศา หากต่างระดับกันเกิน 2 ซม. ควรยกพื้นให้เสมอกันหรือมีทางลาดที่ได้มาตรฐาน (ความลาดเอียงไม่เกิน 5 องศา),Q03 : ความต่างระดับในพื้นที่,on,no,,#VALUE!
234,R18Q04,สิ่งกีดขวางระดับพื้น,R18,Q04,TA,2,1,1,-,ต้องไม่มีวัตถุหรือสิ่งกีดขวางในระดับพื้นทางเดิน หากมี ต้องจัดให้อยู่ในแนวเดียวกัน มีพื้นผิวต่างสัมผัสเตือนหรือกั้นสิ่งกีดขวาง ห่างจากสิ่งกีดขวางไม่น้อยกว่า 30 ซม.,Q04 : สิ่งกีดขวางระดับพื้น,on,no,,#VALUE!
235,R18Q05,สิ่งกีดขวางระดับศีรษะ,R18,Q05,SF,2,2,1,-,ต้องไม่มีสิ่งกีดขวางในแนวทางเดินระดับศีรษะ เช่น ป้ายหรือวัตถุที่แขวนระดับศีรษะ หากมี ต้องอยู่สูงจากพื้นไม่น้อยกว่า 2m,Q05 : สิ่งกีดขวางระดับศีรษะ,on,no,,#VALUE!
236,R18Q06,ป้ายแสดงเส้นทางและสัญลักษณ์,R18,Q06,VA,1,1,1,ป้ายสัญลักษณ์แสดงตำแหน่งที่นั่งสำหรับคนพิการใช้สีขาว-น้ำเงินหรือน้ำเงินขาว มีขนาดไม่น้อยกว่า 15cm และเห็นได้ชัดเจน,ป้ายสัญลักษณ์แสดงเส้นทางและสัญลักษณ์ฉุกเฉิน เห็นได้ชัดเจน และนำเส้นทางไปยังทางออกที่ปลอดภัยได้,Q06 : ป้ายแสดงเส้นทางและสัญลักษณ์,on,no,,#VALUE!
237,R18Q07,สัญญาณแจ้งเมื่อมีเหตุฉุกเฉิน,R18,Q07,AA,1,1,1,-,ประกาศแจ้งเตือนเมื่อมีเหตุฉุกเฉินด้วยเสียงพูดมากกว่า 1 ภาษา ได้ยินชัดเจนทุกบริเวณ,Q07 : สัญญาณแจ้งเมื่อมีเหตุฉุกเฉิน,on,no,,#VALUE!
238,R18Q08,จุดรวมพล,R18,Q08,NW,1,1,1,-,มีป้ายระบุตำแหน่งจุดรวมพล ในพื้นที่โปร่งโล่ง มีข้อมูลสำหรับแจ้งเหตุฉุกเฉิน,,on,no,,
239,R19Q01,รูปแบบการให้บริการเชื่อมต่อกับตัวเมือง,R19,Q01,NW,3,4,2,-,-,,on,no,,
240,R19Q02,ตำแหน่งจุดจอดรับส่ง,R19,Q02,NW,2,2,2,-,-,,on,no,,